participant_id,n_trials,viterbi_states,means,covars,transmat,state_labels,log_likelihood
5987bfb80e411a0001d83837,48,"[0, 0, 0, 0, 1, 0, 0, 0, 0, 0, 0, 0, 0, 0, 0, 1, 0, 0, 0, 0, 0, 0, 0, 0, 0, 0, 0, 0, 0, 0, 0, 0, 0, 1, 0, 0, 0, 0, 0, 0, 0, 0, 0, 0, 0, 0, 0, 0]","[[9.326448756372038], [47.898933836078626]]","[[[50.90397655760607]], [[1060.3880340926848]]]","[[0.9154700167165307, 0.08452998328346928], [0.9999952182201413, 4.781779858751305e-06]]","{""0"": ""engaged"", ""1"": ""disengaged""}",-176.30317732605084
5b2150d538b0be00014137fb,48,"[0, 0, 0, 0, 0, 0, 0, 0, 0, 0, 0, 0, 0, 0, 0, 0, 0, 0, 1, 0, 0, 1, 0, 0, 0, 0, 0, 0, 0, 0, 0, 1, 0, 1, 0, 0, 1, 1, 0, 0, 0, 0, 0, 0, 0, 0, 0, 0]","[[9.78807677630328], [22.278887306629343]]","[[[30.685053252727673]], [[50.07878205229631]]]","[[0.782773195502703, 0.217226804497297], [0.8998723474122392, 0.10012765258776087]]","{""0"": ""engaged"", ""1"": ""disengaged""}",-163.24556951836541
5d83b53430e67e0018bf3b38,48,"[1, 0, 1, 1, 1, 0, 1, 1, 0, 0, 0, 1, 0, 0, 1, 0, 1, 1, 1, 1, 1, 0, 0, 1, 0, 1, 1, 0, 1, 1, 1, 1, 1, 1, 0, 1, 0, 0, 1, 1, 1, 1, 1, 1, 1, 1, 0, 1]","[[4.306789573343309], [18.40136396041586]]","[[[3.015681438746132]], [[73.46332062003671]]]","[[0.2578793452028721, 0.742120654797128], [0.3147059825895115, 0.6852940174104886]]","{""0"": ""engaged"", ""1"": ""disengaged""}",-169.06833957196517
5dd0dce9ed7ea418f59810e4,48,"[1, 1, 1, 1, 0, 1, 1, 0, 0, 1, 0, 0, 0, 1, 0, 0, 1, 1, 1, 1, 0, 0, 1, 1, 0, 1, 1, 1, 1, 0, 1, 0, 1, 1, 0, 0, 1, 0, 0, 0, 1, 0, 1, 1, 0, 0, 0, 0]","[[3.0410039122533803], [19.640503972680833]]","[[[6.103438246363465]], [[87.25181040089761]]]","[[0.4724826742475785, 0.5275173257524216], [0.4634932916968316, 0.5365067083031685]]","{""0"": ""engaged"", ""1"": ""disengaged""}",-169.73422916948132
5e6473fbc15dbe1f71eea95b,46,"[0, 0, 1, 0, 0, 0, 1, 0, 0, 0, 1, 0, 1, 0, 1, 0, 0, 0, 1, 0, 0, 0, 0, 1, 0, 1, 0, 1, 0, 0, 1, 0, 1, 1, 1, 0, 0, 1, 0, 0, 0, 0, 0, 0, 0, 0]","[[8.513825617011799], [30.203689365944665]]","[[[34.65843972101875]], [[171.11893730445243]]]","[[0.6002991373568208, 0.39970086264317917], [0.7537832783339142, 0.24621672166608574]]","{""0"": ""engaged"", ""1"": ""disengaged""}",-176.3292812956437
5e92178e8ee4fe54b65b7c39,48,"[0, 1, 0, 1, 1, 0, 1, 1, 1, 0, 1, 1, 0, 0, 1, 1, 0, 0, 0, 0, 1, 1, 1, 1, 1, 1, 1, 1, 0, 0, 1, 1, 1, 1, 0, 0, 1, 0, 0, 0, 1, 0, 1, 0, 1, 0, 0, 0]","[[4.090837176328846], [15.794581189243774]]","[[[4.773454422987565]], [[59.99546416265227]]]","[[0.3991544566109603, 0.6008455433890397], [0.3664415963255401, 0.63355840367446]]","{""0"": ""engaged"", ""1"": ""disengaged""}",-162.55202609064997
5ee7fbc114d0a60f9b076fb6,48,"[0, 0, 0, 0, 1, 1, 0, 0, 0, 0, 1, 0, 1, 0, 0, 0, 0, 0, 1, 0, 0, 1, 0, 1, 0, 0, 0, 1, 0, 0, 0, 1, 0, 1, 0, 0, 0, 0, 1, 1, 0, 1, 0, 1, 0, 0, 1, 0]","[[5.068638570948969], [16.79106346585239]]","[[[9.716719090082949]], [[31.182202120835836]]]","[[0.5865427474617138, 0.4134572525382863], [0.8334704223855508, 0.16652957761444914]]","{""0"": ""engaged"", ""1"": ""disengaged""}",-152.92673139700776
602e48dbf732e9962e27fdbd,48,"[0, 0, 0, 0, 0, 0, 0, 0, 0, 0, 0, 0, 1, 1, 0, 0, 0, 0, 0, 0, 0, 0, 0, 1, 0, 0, 0, 0, 0, 0, 0, 0, 0, 0, 0, 0, 0, 0, 0, 0, 0, 0, 0, 0, 1, 1, 1, 0]","[[12.289712244490625], [34.602011015616554]]","[[[54.95131076051943]], [[63.136428419732916]]]","[[0.901704850467587, 0.09829514953241299], [0.5336430396788592, 0.46635696032114077]]","{""0"": ""engaged"", ""1"": ""disengaged""}",-178.08672958416676
60a59d92b7363e85a2945dde,48,"[0, 1, 1, 1, 0, 0, 0, 1, 1, 1, 1, 1, 1, 0, 1, 0, 0, 1, 0, 0, 1, 0, 1, 0, 0, 0, 0, 1, 0, 0, 0, 0, 0, 1, 0, 0, 0, 0, 1, 1, 0, 0, 0, 0, 0, 1, 0, 0]","[[12.285916353719285], [39.88671031977367]]","[[[33.522062781982854]], [[113.00918798943516]]]","[[0.6480097982204484, 0.3519902017795517], [0.5534822190714956, 0.4465177809285044]]","{""0"": ""engaged"", ""1"": ""disengaged""}",-189.70825224320262
60fcd2ade28cc412d542108c,48,"[0, 0, 0, 0, 0, 0, 0, 0, 0, 0, 0, 1, 0, 0, 1, 1, 1, 0, 0, 0, 1, 0, 0, 1, 0, 0, 0, 1, 1, 0, 1, 1, 1, 1, 1, 1, 0, 0, 0, 1, 0, 1, 1, 0, 1, 1, 1, 0]","[[6.3877866951319815], [38.4296170746918]]","[[[13.59532199504545]], [[735.5873390669706]]]","[[0.6486034936473415, 0.3513965063526585], [0.3593533730928429, 0.6406466269071571]]","{""0"": ""engaged"", ""1"": ""disengaged""}",-198.97956582416387
612376826a580ca0368bb19f,48,"[1, 1, 1, 1, 1, 1, 0, 0, 1, 0, 0, 1, 0, 0, 1, 1, 0, 0, 0, 1, 0, 0, 0, 0, 1, 1, 1, 1, 0, 0, 0, 0, 1, 0, 1, 1, 0, 1, 0, 0, 0, 0, 1, 0, 0, 0, 0, 0]","[[7.07381754525255], [26.834325591985667]]","[[[24.76826055680398]], [[81.75067533415051]]]","[[0.6191136034626096, 0.38088639653739037], [0.48371284872556547, 0.5162871512744345]]","{""0"": ""engaged"", ""1"": ""disengaged""}",-180.83351113490582
615ab5adc70f6edcacba5860,48,"[0, 1, 1, 1, 0, 1, 1, 1, 1, 1, 1, 0, 1, 1, 0, 1, 1, 1, 1, 1, 0, 1, 1, 1, 1, 1, 1, 1, 1, 0, 1, 0, 1, 1, 1, 1, 1, 1, 0, 1, 1, 1, 1, 1, 1, 1, 1, 1]","[[4.781544443521582], [31.16113919413311]]","[[[7.770445425126464]], [[100.68997473002511]]]","[[5.124923344178082e-33, 1.0], [0.15556052842425896, 0.8444394715757411]]","{""0"": ""engaged"", ""1"": ""disengaged""}",-184.7700523811348
6162fc52fa68079d28dc5be9,48,"[1, 0, 0, 1, 1, 1, 1, 0, 1, 0, 1, 0, 1, 0, 1, 1, 0, 1, 0, 0, 1, 0, 0, 0, 0, 0, 0, 1, 1, 1, 1, 1, 0, 1, 1, 1, 1, 1, 1, 1, 1, 1, 0, 1, 1, 1, 0, 1]","[[6.331549576035192], [29.486776205552292]]","[[[8.833120179738508]], [[224.42206537218425]]]","[[0.3170477441759428, 0.6829522558240572], [0.348012698252137, 0.651987301747863]]","{""0"": ""engaged"", ""1"": ""disengaged""}",-193.25715571796977
63039f41fa5c21d483996be2,48,"[0, 0, 0, 1, 1, 0, 0, 1, 1, 1, 0, 0, 0, 0, 0, 0, 0, 0, 0, 0, 0, 0, 0, 0, 1, 0, 0, 0, 0, 0, 0, 0, 0, 0, 0, 1, 1, 0, 0, 0, 0, 0, 0, 0, 0, 0, 1, 0]","[[8.000354757983578], [29.21118397382718]]","[[[23.618937588644517]], [[101.33460197794311]]]","[[0.840137602565116, 0.15986239743488395], [0.5673682503138396, 0.4326317496861603]]","{""0"": ""engaged"", ""1"": ""disengaged""}",-168.89358032923374
650f65aac58fe4dc08bbe23f_2,48,"[0, 0, 0, 0, 0, 0, 0, 0, 0, 0, 0, 0, 0, 0, 0, 0, 0, 0, 0, 0, 0, 0, 1, 0, 0, 0, 0, 0, 0, 0, 0, 0, 0, 0, 0, 0, 0, 0, 0, 0, 0, 0, 0, 0, 0, 0, 0, 0]","[[13.148936170212766], [108.0]]","[[[98.59505205975556]], [[0.01]]]","[[0.9782608695652177, 0.02173913043478229], [1.0, 0.0]]","{""0"": ""engaged"", ""1"": ""disengaged""}",-178.01310132957286
654fd3d72b14d852c7fff2b4,48,"[0, 0, 0, 0, 0, 0, 0, 0, 0, 0, 0, 0, 0, 0, 0, 0, 0, 0, 0, 0, 0, 0, 1, 0, 0, 0, 0, 0, 0, 0, 0, 0, 0, 1, 0, 0, 0, 0, 0, 0, 0, 0, 0, 1, 0, 0, 0, 0]","[[14.048981563982156], [58.710360257510814]]","[[[126.24044684509145]], [[928.6215083513247]]]","[[0.9145384208485572, 0.08546157915144273], [0.9999483689363812, 5.1631063618831144e-05]]","{""0"": ""engaged"", ""1"": ""disengaged""}",-195.51713834085965
6550edd3c5d5a51c51ab1224,48,"[1, 0, 1, 0, 1, 0, 1, 0, 1, 0, 1, 0, 0, 1, 0, 0, 1, 0, 1, 0, 1, 0, 0, 0, 1, 0, 0, 0, 1, 0, 1, 0, 0, 1, 0, 0, 1, 0, 1, 0, 1, 0, 0, 1, 0, 1, 0, 1]","[[8.04394998501481], [19.429825465124807]]","[[[25.002972646406004]], [[103.19965416568375]]]","[[0.3750409369647196, 0.6249590630352805], [0.9999999999942965, 5.703593882923438e-12]]","{""0"": ""engaged"", ""1"": ""disengaged""}",-167.6982352301032
656bb5b282d8f0267db9d167,48,"[0, 1, 1, 1, 1, 1, 0, 0, 1, 0, 0, 0, 1, 0, 1, 0, 0, 0, 0, 0, 1, 0, 0, 0, 1, 1, 1, 1, 1, 0, 0, 1, 1, 0, 0, 0, 0, 1, 0, 0, 0, 0, 1, 1, 1, 0, 1, 0]","[[5.323589000687871], [22.111276231642698]]","[[[16.065051646794835]], [[179.09438744363837]]]","[[0.5593695294636399, 0.44063047053636], [0.415618293293608, 0.584381706706392]]","{""0"": ""engaged"", ""1"": ""disengaged""}",-181.36501366963145
65ccca52871269168cc029b5,48,"[1, 1, 0, 0, 0, 1, 1, 1, 0, 1, 1, 1, 1, 1, 1, 1, 1, 1, 1, 0, 1, 0, 1, 0, 0, 0, 0, 1, 1, 0, 1, 0, 0, 0, 1, 1, 1, 1, 1, 1, 1, 0, 0, 1, 1, 0, 1, 0]","[[2.4463922647892273], [14.745957189584818]]","[[[1.4130802540219605]], [[57.52237727275923]]]","[[0.4134481136957711, 0.5865518863042289], [0.28747597528427515, 0.7125240247157248]]","{""0"": ""engaged"", ""1"": ""disengaged""}",-159.22503559988056
65f2f5ae1f9747ed36bd7226,48,"[0, 0, 1, 0, 1, 1, 1, 1, 1, 0, 0, 0, 0, 1, 0, 1, 1, 1, 0, 0, 1, 1, 0, 0, 1, 0, 0, 1, 0, 1, 1, 0, 0, 1, 0, 0, 1, 1, 1, 1, 1, 1, 0, 1, 0, 0, 0, 0]","[[4.108260948876218], [18.734290990128176]]","[[[5.694053618831729]], [[45.72615460062164]]]","[[0.5000487833911214, 0.49995121660887865], [0.47415560417454905, 0.525844395825451]]","{""0"": ""engaged"", ""1"": ""disengaged""}",-160.53741445024966
65feaaac53eb219f09ad5ea0,47,"[1, 1, 1, 1, 1, 1, 1, 1, 1, 1, 1, 1, 1, 1, 1, 1, 1, 0, 0, 0, 0, 1, 1, 1, 1, 1, 1, 1, 1, 1, 1, 1, 1, 1, 1, 1, 1, 0, 0, 0, 0, 0, 0, 0, 0, 0, 0]","[[8.413621892210793], [25.916888450721988]]","[[[26.677562091122567]], [[170.10821694170707]]]","[[0.8992624021965683, 0.10073759780343162], [0.06520750278643277, 0.9347924972135672]]","{""0"": ""engaged"", ""1"": ""disengaged""}",-182.87504250031097
65ff850ad8ac7b0e4cf9ec57,48,"[0, 1, 1, 1, 1, 1, 1, 1, 1, 1, 1, 1, 1, 1, 1, 1, 1, 1, 1, 1, 1, 1, 0, 0, 0, 1, 1, 1, 1, 1, 1, 1, 1, 1, 1, 1, 0, 0, 1, 1, 1, 1, 1, 1, 1, 1, 1, 1]","[[4.308941589482815], [25.859892578433954]]","[[[11.201112201020392]], [[155.69850701616986]]]","[[0.3480358540544769, 0.6519641459455231], [0.0599185661567493, 0.9400814338432507]]","{""0"": ""engaged"", ""1"": ""disengaged""}",-190.16236522367933
660bdc29f5dec2745c7e7ee3,48,"[0, 0, 1, 0, 0, 0, 0, 1, 0, 0, 1, 0, 0, 0, 0, 0, 1, 0, 1, 0, 1, 0, 1, 0, 0, 1, 0, 0, 1, 0, 0, 0, 1, 0, 1, 0, 0, 1, 0, 0, 0, 1, 0, 0, 1, 0, 0, 0]","[[5.209026768251742], [18.75403406749002]]","[[[18.54554606159685]], [[14.937661335137365]]]","[[0.5935799854339959, 0.40642001456600424], [0.9999993897368159, 6.10263184077447e-07]]","{""0"": ""engaged"", ""1"": ""disengaged""}",-156.69796254464563
660d675bbdf59327d9deb4ad,47,"[1, 0, 1, 0, 0, 1, 0, 1, 0, 0, 0, 0, 0, 1, 0, 0, 0, 0, 0, 0, 0, 0, 0, 0, 1, 0, 1, 0, 1, 0, 0, 0, 0, 0, 0, 1, 0, 0, 0, 1, 0, 0, 1, 0, 0, 1, 0]","[[15.615113387248257], [41.43995404971261]]","[[[90.06772791930842]], [[285.02479110344143]]]","[[0.6673363690899918, 0.3326636309100082], [0.9999885966663579, 1.1403333642135203e-05]]","{""0"": ""engaged"", ""1"": ""disengaged""}",-190.64329142504155
6613f83d1a9cf059d0af91ec,48,"[0, 0, 0, 0, 0, 0, 0, 0, 0, 0, 0, 0, 0, 1, 0, 1, 0, 0, 0, 0, 0, 0, 0, 0, 0, 0, 0, 0, 0, 0, 0, 0, 0, 0, 0, 0, 0, 0, 0, 0, 0, 0, 0, 0, 0, 1, 0, 0]","[[6.613881869303166], [24.9679574479752]]","[[[23.52940941262796]], [[107.9715909143611]]]","[[0.881320293102646, 0.11867970689735398], [0.9999995326343001, 4.6736569996644797e-07]]","{""0"": ""engaged"", ""1"": ""disengaged""}",-157.41105196489085
6614fb6af3c5aa23b962ea2d,48,"[0, 0, 1, 0, 0, 0, 0, 0, 0, 0, 0, 0, 1, 0, 0, 0, 1, 0, 0, 0, 1, 0, 0, 1, 0, 0, 0, 0, 0, 0, 0, 0, 1, 0, 1, 0, 0, 0, 0, 0, 0, 0, 1, 0, 0, 0, 0, 0]","[[11.267361692959664], [33.80954382678065]]","[[[53.42864897864771]], [[441.5262867902921]]]","[[0.7054976856061561, 0.2945023143938438], [0.999997529261221, 2.4707387789647576e-06]]","{""0"": ""engaged"", ""1"": ""disengaged""}",-185.8370099391443
6631997e0554bb6d25062fd4,48,"[0, 0, 0, 1, 0, 0, 1, 0, 1, 0, 0, 0, 0, 0, 0, 1, 0, 0, 1, 0, 1, 0, 0, 0, 0, 0, 0, 0, 0, 0, 0, 0, 0, 0, 0, 0, 0, 0, 0, 0, 0, 1, 0, 0, 0, 0, 0, 0]","[[4.9591673084981815], [23.35232850294402]]","[[[15.952930757667165]], [[58.44315357244786]]]","[[0.8068486447682611, 0.19315135523173887], [0.9999392288128512, 6.0771187148729813e-05]]","{""0"": ""engaged"", ""1"": ""disengaged""}",-155.44751381838591
663636e1e732142a9c211523,48,"[1, 0, 0, 0, 0, 0, 0, 0, 0, 0, 0, 0, 0, 0, 0, 0, 1, 0, 0, 0, 0, 0, 0, 0, 0, 1, 0, 0, 0, 0, 0, 0, 0, 0, 0, 0, 0, 0, 1, 0, 0, 0, 0, 0, 1, 0, 0, 0]","[[14.67717915907883], [45.503701420934384]]","[[[77.2602932096432]], [[575.8834170622798]]]","[[0.8700453861621286, 0.12995461383787144], [0.9577322470042086, 0.042267752995791365]]","{""0"": ""engaged"", ""1"": ""disengaged""}",-188.3047148043038
664c9a37d570871d534dd3c2,48,"[0, 0, 0, 0, 0, 0, 0, 0, 0, 0, 0, 0, 1, 1, 1, 1, 1, 0, 0, 0, 1, 0, 0, 0, 0, 0, 0, 0, 0, 0, 1, 1, 1, 0, 0, 0, 0, 0, 0, 1, 0, 0, 1, 1, 0, 1, 0, 0]","[[15.186738168305236], [53.53407094904012]]","[[[86.7662049302861]], [[707.4306539642486]]]","[[0.7862546968783772, 0.21374530312162282], [0.41280976742982556, 0.5871902325701743]]","{""0"": ""engaged"", ""1"": ""disengaged""}",-207.93357027234404
66723b1f7c3cf6961f0868a3,48,"[0, 0, 1, 0, 0, 1, 0, 0, 0, 0, 0, 1, 0, 0, 1, 0, 0, 0, 0, 1, 0, 0, 0, 1, 0, 0, 0, 1, 0, 1, 0, 1, 0, 0, 0, 0, 1, 0, 0, 0, 0, 0, 0, 1, 0, 0, 1, 0]","[[9.21199188600781], [22.565415077969277]]","[[[29.29809637263696]], [[29.4659178937868]]]","[[0.653943780106322, 0.34605621989367796], [0.9999999798339366, 2.0166063461905575e-08]]","{""0"": ""engaged"", ""1"": ""disengaged""}",-163.77702620478547
667a7ab2a6179deb78e9dd1a,48,"[1, 0, 0, 0, 0, 0, 0, 0, 0, 1, 0, 0, 0, 0, 0, 0, 0, 0, 0, 0, 1, 1, 0, 0, 0, 0, 1, 0, 0, 0, 0, 0, 0, 0, 0, 1, 0, 0, 0, 0, 0, 0, 0, 1, 0, 0, 0, 0]","[[7.785608022405951], [30.229995734000077]]","[[[34.06865769699423]], [[105.02125540224549]]]","[[0.8348464455691961, 0.16515355443080396], [0.8216528944098764, 0.1783471055901235]]","{""0"": ""engaged"", ""1"": ""disengaged""}",-172.84377928629488
667bd577710d52a05ac09036,48,"[0, 0, 0, 0, 0, 0, 0, 0, 0, 0, 0, 0, 0, 0, 0, 0, 0, 1, 1, 1, 1, 1, 1, 1, 1, 1, 1, 1, 1, 1, 1, 1, 1, 1, 1, 0, 0, 0, 0, 0, 0, 0, 0, 0, 0, 0, 1, 1]","[[20.33108710419622], [55.046738878549384]]","[[[179.72051741026883]], [[1082.048511441108]]]","[[0.9079448554706354, 0.09205514452936465], [0.11373042799179645, 0.8862695720082036]]","{""0"": ""engaged"", ""1"": ""disengaged""}",-216.86568372558648
669533c82c03a4d6320159d3,48,"[0, 0, 0, 0, 0, 0, 0, 0, 0, 0, 0, 0, 0, 0, 0, 0, 0, 0, 0, 1, 0, 0, 0, 0, 0, 0, 0, 0, 0, 0, 0, 0, 0, 0, 0, 0, 1, 0, 0, 0, 0, 0, 0, 0, 0, 0, 0, 0]","[[8.06197969814481], [32.57757182029686]]","[[[30.91168762130993]], [[20.580048400335468]]]","[[0.9565073059068586, 0.04349269409314131], [1.0, 2.540198399280778e-24]]","{""0"": ""engaged"", ""1"": ""disengaged""}",-157.90914226679232
66b0cd32e02e57ac86e82550,48,"[0, 0, 0, 0, 0, 0, 0, 0, 0, 0, 0, 0, 0, 0, 0, 0, 0, 0, 0, 0, 0, 0, 0, 0, 0, 0, 0, 0, 0, 0, 0, 0, 0, 0, 0, 1, 1, 0, 0, 0, 0, 0, 0, 1, 0, 0, 0, 0]","[[12.481433849833628], [48.91125475385798]]","[[[54.46302356467179]], [[567.5716134543906]]]","[[0.9231304706254869, 0.07686952937451311], [0.7133514574286791, 0.286648542571321]]","{""0"": ""engaged"", ""1"": ""disengaged""}",-178.74665001638283
66b0ce2b37f5b9ab41e82585,48,"[0, 0, 0, 0, 0, 0, 0, 0, 0, 0, 1, 0, 0, 0, 0, 0, 0, 0, 0, 0, 1, 0, 0, 0, 0, 0, 0, 0, 0, 0, 0, 0, 1, 1, 0, 0, 1, 0, 0, 0, 0, 0, 0, 0, 0, 0, 0, 0]","[[13.569987907723611], [63.061977800079994]]","[[[122.47649088529518]], [[42.949485254997796]]]","[[0.9045947695559302, 0.09540523044406982], [0.8080462699168446, 0.19195373008315536]]","{""0"": ""engaged"", ""1"": ""disengaged""}",-196.29439680647567
66cc85c87017ef38adbaebc6,48,"[0, 0, 1, 0, 1, 0, 1, 0, 0, 0, 0, 0, 0, 0, 0, 0, 0, 1, 0, 1, 0, 0, 0, 0, 1, 0, 0, 0, 0, 0, 0, 0, 1, 1, 1, 0, 0, 0, 0, 0, 0, 0, 0, 1, 0, 0, 0, 0]","[[4.500230443361277], [21.7090687924688]]","[[[7.824042168813076]], [[120.31348008737635]]]","[[0.7606449514661929, 0.23935504853380712], [0.7586048324598893, 0.2413951675401107]]","{""0"": ""engaged"", ""1"": ""disengaged""}",-151.68098103042715
67911b9be5af0ac0763a28c7,48,"[0, 1, 1, 1, 1, 1, 1, 0, 1, 1, 1, 0, 0, 1, 0, 0, 0, 0, 1, 0, 0, 0, 1, 1, 0, 1, 0, 1, 1, 0, 0, 1, 1, 1, 0, 1, 1, 1, 1, 0, 1, 1, 0, 0, 0, 1, 1, 0]","[[3.2313976553432], [15.513209515915294]]","[[[2.743070870741461]], [[49.299176556528614]]]","[[0.39657429335336003, 0.60342570664664], [0.37517247038638657, 0.6248275296136134]]","{""0"": ""engaged"", ""1"": ""disengaged""}",-157.32582386535137
67cc3f4c640c0ff4df30a225,48,"[1, 1, 1, 1, 1, 1, 1, 1, 1, 1, 0, 1, 1, 1, 1, 1, 1, 1, 1, 1, 1, 1, 1, 1, 1, 1, 1, 1, 1, 1, 0, 0, 0, 1, 1, 1, 1, 1, 1, 1, 1, 1, 1, 1, 1, 1, 1, 0]","[[1.972368397454689], [27.9498500017393]]","[[[1.2356538745400052]], [[138.51603877917987]]]","[[0.516520442161229, 0.48347955783877095], [0.060195243380189487, 0.9398047566198104]]","{""0"": ""engaged"", ""1"": ""disengaged""}",-186.86315772268244
67d1d172e049a486152a5ce9,45,"[0, 0, 0, 0, 0, 0, 0, 0, 0, 0, 0, 0, 0, 0, 0, 1, 0, 0, 0, 0, 0, 0, 0, 0, 0, 0, 0, 0, 0, 0, 0, 1, 0, 0, 0, 0, 0, 0, 0, 1, 1, 1, 1, 1, 0]","[[13.068920900162702], [62.616991804316676]]","[[[85.62348572839024]], [[108.38257112784841]]]","[[0.9172428916431407, 0.08275710835685926], [0.43287810758407985, 0.5671218924159201]]","{""0"": ""engaged"", ""1"": ""disengaged""}",-179.90038698512194
67eb5332af03cf75862d5e87,48,"[1, 0, 0, 1, 0, 0, 1, 0, 0, 1, 0, 0, 1, 0, 0, 0, 0, 1, 0, 0, 0, 0, 0, 0, 0, 0, 0, 0, 0, 0, 0, 1, 0, 1, 0, 0, 0, 0, 0, 0, 0, 0, 0, 0, 0, 0, 0, 0]","[[10.392906148967878], [28.851941159321495]]","[[[34.42300021566032]], [[20.44257031906262]]]","[[0.8392712837148382, 0.16072871628516186], [0.9424055379705154, 0.057594462029484594]]","{""0"": ""engaged"", ""1"": ""disengaged""}",-166.83099412984782
67f864f1b7ea815cc3583637,47,"[1, 1, 1, 1, 1, 0, 0, 0, 0, 0, 0, 0, 0, 0, 0, 0, 0, 0, 0, 0, 0, 0, 0, 0, 0, 0, 0, 0, 0, 0, 0, 0, 0, 1, 1, 1, 1, 0, 0, 0, 0, 0, 0, 0, 0, 0, 0]","[[7.013160948914664], [12.454977714891195]]","[[[21.698675605663077]], [[2.364899604908136]]]","[[0.9647931069259593, 0.03520689307404064], [0.29997915206066417, 0.7000208479393358]]","{""0"": ""engaged"", ""1"": ""disengaged""}",-136.0938907156226
680aac52abce2170943ff846,48,"[0, 0, 0, 0, 0, 1, 0, 0, 0, 0, 0, 0, 0, 0, 1, 1, 0, 0, 0, 0, 0, 0, 0, 0, 0, 0, 0, 0, 1, 1, 0, 1, 0, 1, 0, 0, 1, 0, 0, 1, 0, 0, 0, 0, 1, 0, 0, 0]","[[9.832920963632601], [31.34913477064342]]","[[[36.82516123866865]], [[27.817625489462]]]","[[0.7883854654679892, 0.2116145345320108], [0.7744602450474525, 0.22553975495254763]]","{""0"": ""engaged"", ""1"": ""disengaged""}",-174.7057258566778
68598a1d4cebd213b2abb1d9,48,"[1, 0, 1, 0, 0, 0, 0, 1, 0, 0, 0, 0, 0, 0, 0, 0, 0, 0, 1, 0, 0, 0, 1, 0, 0, 1, 0, 0, 0, 1, 0, 0, 0, 0, 0, 1, 0, 0, 0, 0, 0, 0, 0, 0, 1, 0, 0, 0]","[[5.581672914259739], [15.918639624113194]]","[[[17.897142478847858]], [[43.388715540274895]]]","[[0.7643074838004679, 0.2356925161995322], [0.9999999999999224, 7.760391684473986e-14]]","{""0"": ""engaged"", ""1"": ""disengaged""}",-151.15754644942416
68e541cbbf146b5c074849ac,48,"[1, 1, 1, 0, 0, 0, 0, 0, 0, 0, 0, 0, 0, 0, 1, 1, 1, 1, 1, 1, 1, 1, 1, 1, 1, 1, 1, 1, 1, 1, 1, 1, 1, 1, 1, 1, 1, 1, 1, 1, 1, 1, 1, 1, 0, 0, 0, 0]","[[4.930252233835681], [25.32732761301634]]","[[[14.797994146883758]], [[147.5933307308185]]]","[[0.8889897922949289, 0.11101020770507107], [0.08100215052849541, 0.9189978494715046]]","{""0"": ""engaged"", ""1"": ""disengaged""}",-180.4586805825224
6902584f39b4b2ce82a5eda6,48,"[1, 0, 0, 0, 0, 0, 0, 0, 0, 0, 0, 0, 0, 0, 0, 0, 0, 0, 0, 0, 0, 0, 0, 0, 0, 0, 0, 0, 0, 0, 0, 0, 0, 0, 0, 0, 0, 0, 0, 1, 0, 0, 0, 0, 0, 0, 0, 0]","[[17.528888392169854], [70.07484198406881]]","[[[98.56772728992644]], [[1045.0216779970535]]]","[[0.9727746052527455, 0.027225394747254567], [0.9999979160836493, 2.0839163506801695e-06]]","{""0"": ""engaged"", ""1"": ""disengaged""}",-185.22678808958918
69124176667ec0990dfb9da1,48,"[0, 0, 0, 0, 0, 0, 0, 0, 1, 1, 1, 1, 1, 1, 1, 0, 0, 0, 0, 0, 0, 0, 0, 1, 1, 1, 0, 0, 0, 0, 0, 0, 0, 0, 0, 0, 0, 0, 0, 0, 0, 0, 0, 0, 0, 0, 0, 0]","[[7.9347552168488145], [27.904803379120565]]","[[[37.891853978615984]], [[218.3613183841937]]]","[[0.9233011726414605, 0.07669882735853946], [0.2664476947111179, 0.733552305288882]]","{""0"": ""engaged"", ""1"": ""disengaged""}",-173.68759553286256
6917b43630e666e39c18fa7b,48,"[0, 0, 0, 1, 0, 0, 0, 0, 0, 0, 0, 0, 0, 0, 0, 0, 0, 0, 0, 0, 0, 0, 0, 0, 0, 1, 0, 0, 0, 1, 0, 1, 0, 1, 0, 0, 0, 0, 1, 0, 0, 1, 0, 1, 0, 0, 0, 1]","[[8.258426613492333], [21.695539642421515]]","[[[22.37157806752036]], [[6.3806507213825]]]","[[0.7764746192078563, 0.22352538079214368], [0.9999999999996763, 3.237376421031398e-13]]","{""0"": ""engaged"", ""1"": ""disengaged""}",-155.08599039271002
692d65c6d41395358622de47,48,"[0, 1, 0, 0, 0, 0, 1, 1, 0, 0, 0, 0, 0, 0, 0, 0, 0, 0, 0, 0, 0, 0, 0, 1, 1, 0, 0, 1, 1, 1, 1, 0, 0, 0, 0, 0, 0, 0, 0, 1, 0, 0, 0, 0, 0, 0, 0, 0]","[[7.571355654143129], [26.90524439260563]]","[[[16.88822422095728]], [[141.3056817115849]]]","[[0.8165619636644615, 0.1834380363355384], [0.5567744597305143, 0.4432255402694857]]","{""0"": ""engaged"", ""1"": ""disengaged""}",-165.72456863213455
692e41b6e14a945652e39997,48,"[1, 1, 1, 1, 1, 1, 1, 1, 1, 1, 0, 0, 0, 0, 0, 0, 0, 0, 0, 0, 0, 0, 0, 0, 0, 0, 0, 0, 0, 0, 0, 0, 0, 0, 0, 0, 0, 0, 0, 0, 0, 0, 0, 0, 0, 0, 0, 0]","[[10.554845041171962], [21.24265221845889]]","[[[67.78802460994355]], [[91.76145053605114]]]","[[0.9999996114085454, 3.885914546517153e-07], [0.10143496222034097, 0.898565037779659]]","{""0"": ""engaged"", ""1"": ""disengaged""}",-172.21377547880562
6932b19c5260dda743fca4af,48,"[0, 0, 1, 1, 0, 1, 0, 1, 0, 1, 1, 0, 1, 0, 0, 1, 0, 1, 1, 1, 1, 1, 1, 0, 1, 0, 0, 1, 0, 1, 1, 1, 0, 1, 0, 1, 0, 1, 1, 0, 1, 0, 0, 1, 1, 1, 1, 0]","[[4.604822485718115], [24.979752402972135]]","[[[9.088303871951052]], [[194.0630302153186]]]","[[0.1980153757312122, 0.8019846242687878], [0.4681858395538845, 0.5318141604461156]]","{""0"": ""engaged"", ""1"": ""disengaged""}",-186.15505676416123
69727a44c5c16e6541319a6a,48,"[1, 1, 1, 1, 1, 1, 1, 1, 1, 0, 1, 1, 1, 1, 1, 1, 1, 1, 1, 1, 0, 0, 0, 1, 1, 1, 1, 1, 1, 1, 1, 1, 0, 0, 1, 1, 0, 1, 1, 1, 1, 1, 0, 1, 1, 0, 0, 0]","[[5.0186099576315275], [22.600902415874607]]","[[[7.175453846466849]], [[96.72731687781653]]]","[[0.4598418374698606, 0.5401581625301394], [0.1535588461974547, 0.8464411538025453]]","{""0"": ""engaged"", ""1"": ""disengaged""}",-180.19579685976143
697a7ca703a2f04efb2de9e9,48,"[0, 1, 0, 0, 0, 0, 0, 1, 1, 0, 0, 0, 0, 0, 0, 0, 0, 0, 0, 0, 0, 0, 0, 1, 0, 0, 0, 0, 0, 0, 0, 0, 0, 0, 0, 0, 0, 0, 0, 0, 1, 0, 0, 0, 0, 0, 0, 0]","[[6.004356733673609], [19.625424406901185]]","[[[14.936050714137203]], [[2.647602895265903]]]","[[0.9065023306250408, 0.09349766937495921], [0.8026769689757848, 0.1973230310242152]]","{""0"": ""engaged"", ""1"": ""disengaged""}",-143.83717621127192
697a8232cf359493f5c6f3fb,48,"[0, 1, 1, 1, 1, 0, 1, 0, 1, 1, 1, 0, 1, 1, 1, 0, 1, 1, 1, 1, 0, 0, 1, 0, 1, 1, 0, 1, 0, 0, 1, 1, 1, 1, 1, 1, 0, 1, 1, 1, 0, 1, 1, 1, 0, 0, 1, 1]","[[4.843063277105737], [23.524324550578164]]","[[[17.860805733068595]], [[93.5695946439918]]]","[[0.1962924026665, 0.8037075973335001], [0.3063960052020876, 0.6936039947979123]]","{""0"": ""engaged"", ""1"": ""disengaged""}",-184.63515452809906
697cbad1e4fa658183a9a4ba,48,"[1, 0, 0, 0, 0, 0, 0, 0, 0, 0, 0, 0, 0, 1, 0, 0, 0, 0, 1, 0, 0, 0, 0, 0, 0, 0, 0, 0, 0, 0, 0, 0, 0, 0, 0, 0, 0, 0, 0, 0, 0, 0, 0, 0, 0, 0, 1, 0]","[[8.330429659748122], [22.596200596304758]]","[[[32.808403601213655]], [[7.775306422772441]]]","[[0.9265994152597213, 0.07340058474027876], [0.9999996975371295, 3.024628705083849e-07]]","{""0"": ""engaged"", ""1"": ""disengaged""}",-157.52003114119393
