participant_id,n_trials,viterbi_states,means,covars,transmat,state_labels,log_likelihood
5987bfb80e411a0001d83837,48,"[0, 0, 0, 0, 1, 0, 0, 0, 0, 0, 0, 0, 0, 0, 0, 1, 0, 0, 0, 0, 0, 0, 0, 0, 0, 0, 0, 0, 0, 0, 0, 0, 0, 1, 0, 0, 0, 0, 0, 0, 0, 0, 0, 0, 0, 0, 0, 0]","[[9.326409885771147], [47.89742869330806]]","[[[50.903315599054366]], [[1060.384244736454]]]","[[0.9154656036395338, 0.08453439636046613], [0.9999919086383264, 8.091361673645877e-06]]","{""0"": ""engaged"", ""1"": ""disengaged""}",-176.3031846675498
5b2150d538b0be00014137fb,48,"[0, 0, 0, 0, 0, 0, 0, 0, 0, 0, 0, 0, 0, 0, 0, 0, 0, 0, 1, 0, 0, 1, 0, 0, 0, 0, 0, 0, 0, 0, 0, 1, 0, 1, 0, 0, 1, 1, 0, 0, 0, 0, 0, 0, 0, 0, 0, 0]","[[9.995997198175932], [23.53870646035488]]","[[[31.632070019178062]], [[44.82098785463244]]]","[[0.8208409393200877, 0.17915906067991227], [0.9153668815396583, 0.08463311846034173]]","{""0"": ""engaged"", ""1"": ""disengaged""}",-163.24398290551437
5d83b53430e67e0018bf3b38,48,"[1, 0, 1, 1, 1, 0, 1, 1, 0, 0, 0, 1, 0, 0, 1, 0, 1, 1, 1, 1, 1, 0, 0, 1, 0, 1, 1, 0, 1, 1, 1, 1, 1, 1, 0, 1, 0, 0, 1, 1, 1, 1, 1, 1, 1, 1, 0, 1]","[[4.306448984025435], [18.40068450949042]]","[[[3.014598560470414]], [[73.46727029221871]]]","[[0.2578679474341545, 0.7421320525658456], [0.31464749804153314, 0.685352501958467]]","{""0"": ""engaged"", ""1"": ""disengaged""}",-169.06832847808394
5dd0dce9ed7ea418f59810e4,48,"[1, 1, 1, 1, 0, 1, 1, 0, 0, 1, 0, 0, 0, 1, 0, 0, 1, 1, 1, 1, 0, 0, 1, 1, 0, 1, 1, 1, 1, 0, 1, 0, 1, 1, 0, 0, 1, 0, 0, 0, 1, 0, 1, 1, 0, 0, 0, 0]","[[3.0412867256913954], [19.641343424266942]]","[[[6.104628592888299]], [[87.24610516062415]]]","[[0.47250000179786383, 0.5274999982021362], [0.46354377244662626, 0.5364562275533736]]","{""0"": ""engaged"", ""1"": ""disengaged""}",-169.73423803748642
5e6473fbc15dbe1f71eea95b,48,"[0, 0, 0, 0, 0, 0, 1, 0, 0, 0, 1, 0, 0, 0, 0, 0, 0, 0, 1, 0, 0, 0, 0, 1, 0, 1, 0, 1, 0, 0, 1, 0, 1, 1, 1, 1, 1, 0, 0, 1, 0, 0, 0, 0, 0, 0, 0, 0]","[[9.03206166163949], [35.6933127011219]]","[[[38.42188689974248]], [[326.07972869819463]]]","[[0.6628187226495847, 0.3371812773504153], [0.6307703089948752, 0.3692296910051248]]","{""0"": ""engaged"", ""1"": ""disengaged""}",-191.76268338545026
5e92178e8ee4fe54b65b7c39,48,"[0, 1, 0, 1, 1, 0, 1, 1, 1, 0, 1, 1, 0, 0, 1, 1, 0, 0, 0, 0, 1, 1, 1, 1, 1, 1, 1, 1, 0, 0, 1, 1, 1, 1, 0, 0, 1, 0, 0, 0, 1, 0, 1, 0, 1, 0, 0, 0]","[[4.0911110862925115], [15.796068143277312]]","[[[4.7749245911903495]], [[59.98702673554596]]]","[[0.39916574759798484, 0.6008342524020153], [0.3665727715362215, 0.6334272284637786]]","{""0"": ""engaged"", ""1"": ""disengaged""}",-162.55203822113802
5ee7fbc114d0a60f9b076fb6,48,"[0, 0, 0, 0, 1, 1, 0, 0, 0, 0, 1, 0, 1, 0, 0, 0, 0, 0, 1, 0, 0, 1, 0, 1, 0, 0, 0, 1, 0, 0, 0, 1, 0, 1, 0, 0, 0, 0, 1, 1, 0, 1, 0, 1, 0, 0, 1, 0]","[[5.06882236130002], [16.79222876947918]]","[[[9.717594771890349]], [[31.17403440615451]]]","[[0.5865969176999634, 0.4134030823000366], [0.8335256253747747, 0.1664743746252253]]","{""0"": ""engaged"", ""1"": ""disengaged""}",-152.92674198869275
602e48dbf732e9962e27fdbd,48,"[0, 0, 0, 0, 0, 0, 0, 0, 0, 0, 0, 0, 1, 1, 0, 0, 0, 0, 0, 0, 0, 0, 0, 1, 0, 0, 0, 0, 0, 0, 0, 0, 0, 0, 0, 0, 0, 0, 0, 0, 0, 0, 0, 0, 1, 1, 1, 0]","[[12.291386625451434], [34.61348801147716]]","[[[54.96268063366431]], [[63.032670995026926]]]","[[0.9018161822307232, 0.09818381776927676], [0.533628713166402, 0.4663712868335979]]","{""0"": ""engaged"", ""1"": ""disengaged""}",-178.08669000714596
60a59d92b7363e85a2945dde,48,"[0, 1, 1, 1, 0, 0, 0, 1, 1, 1, 1, 1, 1, 0, 1, 0, 0, 1, 0, 0, 1, 0, 1, 0, 0, 0, 0, 1, 0, 0, 0, 0, 0, 1, 0, 0, 0, 0, 1, 1, 0, 0, 0, 0, 0, 1, 0, 0]","[[12.28589334222746], [39.88663408938412]]","[[[33.52183167472137]], [[113.01030719850122]]]","[[0.6480074786670155, 0.3519925213329845], [0.5534821360467119, 0.4465178639532881]]","{""0"": ""engaged"", ""1"": ""disengaged""}",-189.708252625251
60fcd2ade28cc412d542108c,48,"[0, 0, 0, 0, 0, 0, 0, 0, 0, 0, 0, 1, 0, 0, 1, 1, 1, 0, 0, 0, 1, 0, 0, 1, 0, 0, 0, 1, 1, 0, 1, 1, 1, 1, 1, 1, 0, 0, 0, 1, 0, 1, 1, 0, 1, 1, 1, 0]","[[6.387843360934159], [38.43016595963776]]","[[[13.595576736097065]], [[735.5851607744409]]]","[[0.6485972475852546, 0.35140275241474533], [0.35937385245595954, 0.6406261475440406]]","{""0"": ""engaged"", ""1"": ""disengaged""}",-198.97956636494033
612376826a580ca0368bb19f,48,"[1, 1, 1, 1, 1, 1, 0, 0, 1, 0, 0, 1, 0, 0, 1, 1, 0, 0, 0, 1, 0, 0, 0, 0, 1, 1, 1, 1, 0, 0, 0, 0, 1, 0, 1, 1, 0, 1, 0, 0, 0, 0, 1, 0, 0, 0, 0, 0]","[[7.071897223536198], [26.82974109545447]]","[[[24.754919597924008]], [[81.79176820567555]]]","[[0.6189797411113503, 0.38102025888864965], [0.48356093054294896, 0.516439069457051]]","{""0"": ""engaged"", ""1"": ""disengaged""}",-180.83347111418655
615ab5adc70f6edcacba5860,48,"[0, 1, 1, 1, 0, 1, 1, 1, 1, 1, 1, 0, 1, 1, 0, 1, 1, 1, 1, 1, 0, 1, 1, 1, 1, 1, 1, 1, 1, 0, 1, 0, 1, 1, 1, 1, 1, 1, 0, 1, 1, 1, 1, 1, 1, 1, 1, 1]","[[4.782524553308924], [31.162342276893316]]","[[[7.773359395108113]], [[100.66712755053554]]]","[[5.7640801750378086e-40, 1.0], [0.15562231359262535, 0.8443776864073748]]","{""0"": ""engaged"", ""1"": ""disengaged""}",-184.77005745362544
6162fc52fa68079d28dc5be9,48,"[1, 0, 0, 1, 1, 1, 1, 0, 1, 0, 1, 0, 1, 0, 1, 1, 0, 1, 0, 0, 1, 0, 0, 0, 0, 0, 0, 1, 1, 1, 1, 1, 0, 1, 1, 1, 1, 1, 1, 1, 1, 1, 0, 1, 1, 1, 0, 1]","[[6.331278815363422], [29.486233539238096]]","[[[8.831557365900062]], [[224.42600998017986]]]","[[0.317027604267219, 0.682972395732781], [0.34799187980356217, 0.652008120196438]]","{""0"": ""engaged"", ""1"": ""disengaged""}",-193.25715082400876
63039f41fa5c21d483996be2,48,"[0, 0, 0, 1, 1, 0, 0, 1, 1, 1, 0, 0, 0, 0, 0, 0, 0, 0, 0, 0, 0, 0, 0, 0, 1, 0, 0, 0, 0, 0, 0, 0, 0, 0, 0, 1, 1, 0, 0, 0, 0, 0, 0, 0, 0, 0, 1, 0]","[[7.999808990540217], [29.205026448084634]]","[[[23.6152782358001]], [[101.40643759695755]]]","[[0.8400797129798874, 0.15992028702011254], [0.5672918603393152, 0.4327081396606848]]","{""0"": ""engaged"", ""1"": ""disengaged""}",-168.89360076588153
650f65aac58fe4dc08bbe23f_2,48,"[0, 0, 0, 0, 0, 0, 0, 0, 0, 0, 0, 0, 0, 0, 0, 0, 0, 0, 0, 0, 0, 0, 1, 0, 0, 0, 0, 0, 0, 0, 0, 0, 0, 0, 0, 0, 0, 0, 0, 0, 0, 0, 0, 0, 0, 0, 0, 0]","[[13.148936170212766], [108.0]]","[[[98.59505205975556]], [[0.01]]]","[[0.9782608695652175, 0.021739130434782518], [1.0, 0.0]]","{""0"": ""engaged"", ""1"": ""disengaged""}",-178.01310132957286
654fd3d72b14d852c7fff2b4,48,"[0, 0, 0, 0, 0, 0, 0, 0, 0, 0, 0, 0, 0, 0, 0, 0, 0, 0, 0, 0, 0, 0, 1, 0, 0, 0, 0, 0, 0, 0, 0, 0, 0, 1, 0, 0, 0, 0, 0, 0, 0, 0, 0, 1, 0, 0, 0, 0]","[[14.04864474088357], [58.69967463560271]]","[[[126.23379184350433]], [[928.7342852543453]]]","[[0.9145085070812614, 0.08549149291873863], [0.9999426749458354, 5.732505416457495e-05]]","{""0"": ""engaged"", ""1"": ""disengaged""}",-195.5171493807474
6550edd3c5d5a51c51ab1224,48,"[1, 0, 1, 0, 1, 0, 1, 0, 1, 0, 1, 0, 0, 1, 0, 0, 1, 0, 1, 0, 1, 0, 0, 0, 1, 0, 0, 0, 1, 0, 1, 0, 0, 1, 0, 0, 1, 0, 1, 0, 1, 0, 0, 1, 0, 1, 0, 1]","[[8.0439872236552], [19.43014184046367]]","[[[25.003055827510252]], [[103.19913835104273]]]","[[0.3750752766079913, 0.6249247233920088], [0.999999999999851, 1.4898214880884716e-13]]","{""0"": ""engaged"", ""1"": ""disengaged""}",-167.69823803741377
656bb5b282d8f0267db9d167,48,"[0, 1, 1, 1, 1, 1, 0, 0, 1, 0, 0, 0, 1, 0, 1, 0, 0, 0, 0, 0, 1, 0, 0, 0, 1, 1, 1, 1, 1, 0, 0, 1, 1, 0, 0, 0, 0, 1, 0, 0, 0, 0, 1, 1, 1, 0, 1, 0]","[[5.32092457944978], [22.106400657899503]]","[[[16.04765496220621]], [[179.0763707440347]]]","[[0.5591150381878637, 0.4408849618121364], [0.4154751777937613, 0.5845248222062388]]","{""0"": ""engaged"", ""1"": ""disengaged""}",-181.36496017877212
65ccca52871269168cc029b5,48,"[1, 1, 0, 0, 0, 1, 1, 1, 0, 1, 1, 1, 1, 1, 1, 1, 1, 1, 1, 0, 1, 0, 1, 0, 0, 0, 0, 1, 1, 0, 1, 0, 0, 0, 1, 1, 1, 1, 1, 1, 1, 0, 0, 1, 1, 0, 1, 0]","[[2.446114823620785], [14.744762186313762]]","[[[1.412248199481995]], [[57.52981470014201]]]","[[0.41322559340187504, 0.586774406598125], [0.2874803010966762, 0.7125196989033237]]","{""0"": ""engaged"", ""1"": ""disengaged""}",-159.2250258469607
65f2f5ae1f9747ed36bd7226,48,"[0, 0, 1, 0, 1, 1, 1, 1, 1, 0, 0, 0, 0, 1, 0, 1, 1, 1, 0, 0, 1, 1, 0, 0, 1, 0, 0, 1, 0, 1, 1, 0, 0, 1, 0, 0, 1, 1, 1, 1, 1, 1, 0, 1, 0, 0, 0, 0]","[[4.1082170419413675], [18.734131297920886]]","[[[5.693889012676339]], [[45.727461442234755]]]","[[0.5000390683523234, 0.4999609316476767], [0.4741512896418603, 0.5258487103581396]]","{""0"": ""engaged"", ""1"": ""disengaged""}",-160.53741265060648
65feaaac53eb219f09ad5ea0,48,"[1, 1, 1, 1, 1, 1, 1, 1, 1, 1, 1, 1, 1, 1, 1, 1, 1, 0, 0, 0, 0, 1, 1, 1, 1, 1, 1, 1, 1, 1, 1, 1, 1, 1, 1, 1, 1, 0, 0, 0, 0, 0, 0, 0, 0, 0, 1, 1]","[[8.04702337622647], [27.395816537124713]]","[[[25.806225743388513]], [[278.14039089952723]]]","[[0.7442915856458806, 0.2557084143541194], [0.09858937414128618, 0.9014106258587138]]","{""0"": ""engaged"", ""1"": ""disengaged""}",-198.08427784934682
65ff850ad8ac7b0e4cf9ec57,48,"[0, 1, 1, 1, 1, 1, 1, 1, 1, 1, 1, 1, 1, 1, 1, 1, 1, 1, 1, 1, 1, 1, 0, 0, 0, 1, 1, 1, 1, 1, 1, 1, 1, 1, 1, 1, 0, 0, 1, 1, 1, 1, 1, 1, 1, 1, 1, 1]","[[4.30789756823844], [25.859242115344244]]","[[[11.19760598221829]], [[155.70493620983578]]]","[[0.3480235356485043, 0.6519764643514957], [0.05989219313483775, 0.9401078068651623]]","{""0"": ""engaged"", ""1"": ""disengaged""}",-190.16235616900462
660bdc29f5dec2745c7e7ee3,48,"[0, 0, 1, 0, 0, 0, 0, 1, 0, 0, 1, 0, 0, 0, 0, 0, 1, 0, 1, 0, 1, 0, 1, 0, 0, 1, 0, 0, 1, 0, 0, 0, 1, 0, 1, 0, 0, 1, 0, 0, 0, 1, 0, 0, 1, 0, 0, 0]","[[5.20904228232609], [18.754055422005305]]","[[[18.545664352949185]], [[14.937588679439903]]]","[[0.5935823297130484, 0.40641767028695175], [0.9999999200836552, 7.991634472814127e-08]]","{""0"": ""engaged"", ""1"": ""disengaged""}",-156.6979587720708
660d675bbdf59327d9deb4ad,48,"[1, 0, 1, 0, 0, 1, 0, 1, 0, 0, 0, 0, 0, 1, 0, 0, 0, 0, 1, 0, 0, 0, 0, 0, 0, 1, 0, 1, 0, 1, 0, 0, 0, 0, 0, 0, 1, 0, 0, 0, 1, 0, 0, 1, 0, 0, 1, 0]","[[15.344301191053543], [43.55657382012053]]","[[[86.95264993676827]], [[273.89818112904976]]]","[[0.6319941182086422, 0.3680058817913578], [0.9999738723085256, 2.6127691474284555e-05]]","{""0"": ""engaged"", ""1"": ""disengaged""}",-195.9368332857413
6613f83d1a9cf059d0af91ec,48,"[0, 0, 0, 0, 0, 0, 0, 0, 0, 0, 0, 0, 0, 1, 0, 1, 0, 0, 0, 0, 0, 0, 0, 0, 0, 0, 0, 0, 0, 0, 0, 0, 0, 0, 0, 0, 0, 0, 0, 0, 0, 0, 0, 0, 0, 1, 0, 0]","[[6.61554288433614], [24.99891767992544]]","[[[23.542869745637837]], [[107.75814487931682]]]","[[0.8816474260451932, 0.11835257395480685], [0.9999950648850159, 4.935114984175811e-06]]","{""0"": ""engaged"", ""1"": ""disengaged""}",-157.41097832616484
6614fb6af3c5aa23b962ea2d,48,"[0, 0, 1, 0, 0, 0, 0, 0, 0, 0, 0, 0, 1, 0, 0, 0, 1, 0, 0, 0, 1, 0, 0, 1, 0, 0, 0, 0, 0, 0, 0, 0, 1, 0, 1, 0, 0, 0, 0, 0, 0, 0, 1, 0, 0, 0, 0, 0]","[[11.271200938715856], [33.83927399266239]]","[[[53.470369767925455]], [[441.7506128601335]]]","[[0.7062095535070682, 0.29379044649293184], [0.999999588906883, 4.11093117052088e-07]]","{""0"": ""engaged"", ""1"": ""disengaged""}",-185.83707651301427
6631997e0554bb6d25062fd4,48,"[0, 0, 0, 1, 0, 0, 1, 0, 1, 0, 0, 0, 0, 0, 0, 1, 0, 0, 1, 0, 1, 0, 0, 0, 0, 0, 0, 0, 0, 0, 0, 0, 0, 0, 0, 0, 0, 0, 0, 0, 0, 1, 0, 0, 0, 0, 0, 0]","[[4.959626013972586], [23.361556039480487]]","[[[15.95459519464153]], [[58.336265604832384]]]","[[0.8069959634497079, 0.19300403655029222], [0.9999316323584059, 6.836764159402981e-05]]","{""0"": ""engaged"", ""1"": ""disengaged""}",-155.44751948236498
663636e1e732142a9c211523,48,"[1, 0, 0, 0, 0, 0, 0, 0, 0, 0, 0, 0, 0, 0, 0, 0, 1, 0, 0, 0, 0, 0, 0, 0, 0, 1, 0, 0, 0, 0, 0, 0, 0, 0, 0, 0, 0, 0, 1, 0, 0, 0, 0, 0, 1, 0, 0, 0]","[[14.67766945372953], [45.50860795155431]]","[[[77.26832690553817]], [[575.9067540755593]]]","[[0.8700679132822082, 0.12993208671779177], [0.9578674735678031, 0.042132526432196796]]","{""0"": ""engaged"", ""1"": ""disengaged""}",-188.30468761444698
664c9a37d570871d534dd3c2,48,"[0, 0, 0, 0, 0, 0, 0, 0, 0, 0, 0, 0, 1, 1, 1, 1, 1, 0, 0, 0, 1, 0, 0, 0, 0, 0, 0, 0, 0, 0, 1, 1, 1, 0, 0, 0, 0, 0, 0, 1, 0, 0, 1, 1, 0, 1, 0, 0]","[[15.185230774984914], [53.51938315938148]]","[[[86.75095119396111]], [[707.621641487176]]]","[[0.7862740085332135, 0.21372599146678653], [0.41247548963752617, 0.5875245103624738]]","{""0"": ""engaged"", ""1"": ""disengaged""}",-207.93359295582803
66723b1f7c3cf6961f0868a3,48,"[0, 0, 1, 0, 0, 1, 0, 0, 0, 0, 0, 1, 0, 0, 1, 0, 0, 0, 0, 1, 0, 0, 0, 1, 0, 0, 0, 1, 0, 1, 0, 1, 0, 0, 0, 0, 1, 0, 0, 0, 0, 0, 0, 1, 0, 0, 1, 0]","[[9.21209599921241], [22.56586362877245]]","[[[29.298319004482057]], [[29.46339495592522]]]","[[0.653969943225398, 0.3460300567746021], [0.9999999999308335, 6.916634016384243e-11]]","{""0"": ""engaged"", ""1"": ""disengaged""}",-163.7770295418911
667a7ab2a6179deb78e9dd1a,48,"[1, 0, 0, 0, 0, 0, 0, 0, 0, 1, 0, 0, 0, 0, 0, 0, 0, 0, 0, 0, 1, 1, 0, 0, 0, 0, 1, 0, 0, 0, 0, 0, 0, 0, 0, 1, 0, 0, 0, 0, 0, 0, 0, 1, 0, 0, 0, 0]","[[7.793537994911862], [30.295166482756404]]","[[[34.12931590784179]], [[104.39083588577434]]]","[[0.8357152317749013, 0.16428476822509874], [0.8223125187201087, 0.17768748127989137]]","{""0"": ""engaged"", ""1"": ""disengaged""}",-172.8435635457666
667bd577710d52a05ac09036,48,"[0, 0, 0, 0, 0, 0, 0, 0, 0, 0, 0, 0, 0, 0, 0, 0, 0, 1, 1, 1, 1, 1, 1, 1, 1, 1, 1, 1, 1, 1, 1, 1, 1, 1, 1, 0, 0, 0, 0, 0, 0, 0, 0, 0, 0, 0, 1, 1]","[[20.33123373384681], [55.04864454582983]]","[[[179.7108415682664]], [[1082.0618979606963]]]","[[0.9079115821973998, 0.09208841780260016], [0.11379639713346053, 0.8862036028665394]]","{""0"": ""engaged"", ""1"": ""disengaged""}",-216.86569068000537
669533c82c03a4d6320159d3,48,"[0, 0, 0, 0, 0, 0, 0, 0, 0, 0, 0, 0, 0, 0, 0, 0, 0, 0, 0, 1, 0, 0, 0, 0, 0, 0, 0, 0, 0, 0, 0, 0, 0, 0, 0, 0, 1, 0, 0, 0, 0, 0, 0, 0, 0, 0, 0, 0]","[[8.061950969002826], [32.577267733107256]]","[[[30.9112122819386]], [[20.582534581449526]]]","[[0.9565054929549832, 0.04349450704501675], [1.0, 4.1464209907980856e-22]]","{""0"": ""engaged"", ""1"": ""disengaged""}",-157.90914232415648
66b0cd32e02e57ac86e82550,48,"[0, 0, 0, 0, 0, 0, 0, 0, 0, 0, 0, 0, 0, 0, 0, 0, 0, 0, 0, 0, 0, 0, 0, 0, 0, 0, 0, 0, 0, 0, 0, 0, 0, 0, 0, 1, 1, 0, 0, 0, 0, 0, 0, 1, 0, 0, 0, 0]","[[12.483298195695395], [48.95464012243237]]","[[[54.49239943869432]], [[567.2196558620852]]]","[[0.9232856978960484, 0.07671430210395168], [0.7132430659366323, 0.2867569340633678]]","{""0"": ""engaged"", ""1"": ""disengaged""}",-178.74659949646454
66b0ce2b37f5b9ab41e82585,48,"[0, 0, 0, 0, 0, 0, 0, 0, 0, 0, 1, 0, 0, 0, 0, 0, 0, 0, 0, 0, 1, 0, 0, 0, 0, 0, 0, 0, 0, 0, 0, 0, 1, 1, 0, 0, 1, 0, 0, 0, 0, 0, 0, 0, 0, 0, 0, 0]","[[13.569968150669764], [63.061896121619576]]","[[[122.475883837206]], [[42.95071925243228]]]","[[0.9045944914695184, 0.09540550853048164], [0.8080440069307128, 0.1919559930692872]]","{""0"": ""engaged"", ""1"": ""disengaged""}",-196.29439685224796
66cc85c87017ef38adbaebc6,48,"[0, 0, 1, 0, 1, 0, 1, 0, 0, 0, 0, 0, 0, 0, 0, 0, 0, 1, 0, 1, 0, 0, 0, 0, 1, 0, 0, 0, 0, 0, 0, 0, 1, 1, 1, 0, 0, 0, 0, 0, 0, 0, 0, 1, 0, 0, 0, 0]","[[4.499818019910448], [21.702871760065555]]","[[[7.821767225892906]], [[120.35509527211836]]]","[[0.7605032286089032, 0.2394967713910968], [0.7586168248402345, 0.24138317515976546]]","{""0"": ""engaged"", ""1"": ""disengaged""}",-151.68096616946366
67911b9be5af0ac0763a28c7,48,"[0, 1, 1, 1, 1, 1, 1, 0, 1, 1, 1, 0, 0, 1, 0, 0, 0, 0, 1, 0, 0, 0, 1, 1, 0, 1, 0, 1, 1, 0, 0, 1, 1, 1, 0, 1, 1, 1, 1, 0, 1, 1, 0, 0, 0, 1, 1, 0]","[[3.2308908463692014], [15.510734513435326]]","[[[2.7411179296069244]], [[49.31612288386506]]]","[[0.39643321283145805, 0.603566787168542], [0.37503623064537744, 0.6249637693546225]]","{""0"": ""engaged"", ""1"": ""disengaged""}",-157.325804317152
67cc3f4c640c0ff4df30a225,48,"[0, 0, 0, 1, 1, 1, 1, 1, 1, 1, 1, 1, 1, 1, 1, 1, 1, 1, 1, 1, 1, 1, 1, 1, 1, 1, 1, 1, 1, 1, 0, 0, 0, 0, 1, 1, 1, 1, 1, 1, 1, 1, 1, 1, 1, 1, 0, 0]","[[10.130816833495325], [29.50225830545084]]","[[[66.70536156811873]], [[136.01765227524135]]]","[[0.6139301784275477, 0.3860698215724523], [0.08802620595503072, 0.9119737940449694]]","{""0"": ""engaged"", ""1"": ""disengaged""}",-191.2978931615454
67d1d172e049a486152a5ce9,48,"[0, 0, 0, 0, 1, 1, 0, 0, 1, 0, 0, 0, 0, 0, 0, 1, 0, 1, 0, 0, 0, 0, 0, 0, 0, 0, 0, 0, 0, 0, 0, 0, 0, 1, 1, 0, 0, 0, 0, 0, 0, 0, 1, 1, 1, 1, 1, 0]","[[11.499765023034719], [58.650145899166624]]","[[[60.97203310615151]], [[585.7099487255607]]]","[[0.8228922950720099, 0.17710770492799005], [0.4205145161664856, 0.5794854838335143]]","{""0"": ""engaged"", ""1"": ""disengaged""}",-201.0249207190132
67eb5332af03cf75862d5e87,48,"[1, 0, 0, 1, 0, 0, 1, 0, 0, 1, 0, 0, 1, 0, 0, 0, 0, 1, 0, 0, 0, 0, 0, 0, 0, 0, 0, 0, 0, 0, 0, 1, 0, 1, 0, 0, 0, 0, 0, 0, 0, 0, 0, 0, 0, 0, 0, 0]","[[10.392055110668684], [28.85022883456312]]","[[[34.413359630791454]], [[20.44732811676883]]]","[[0.8392263312945824, 0.16077366870541762], [0.9422667691803195, 0.05773323081968059]]","{""0"": ""engaged"", ""1"": ""disengaged""}",-166.8310124108918
67f864f1b7ea815cc3583637,48,"[0, 0, 0, 0, 0, 1, 0, 0, 0, 0, 0, 0, 0, 0, 0, 0, 0, 0, 0, 0, 0, 0, 0, 0, 0, 0, 0, 0, 0, 0, 0, 0, 0, 0, 0, 0, 0, 0, 0, 0, 0, 0, 0, 0, 0, 0, 0, 0]","[[7.914893617021277], [55.0]]","[[[22.588714350384784]], [[0.01]]]","[[0.9782608695652182, 0.021739130434781772], [1.0, 0.0]]","{""0"": ""engaged"", ""1"": ""disengaged""}",-143.3840201385712
680aac52abce2170943ff846,48,"[0, 0, 0, 0, 0, 1, 0, 0, 0, 0, 0, 0, 0, 0, 1, 1, 0, 0, 0, 0, 0, 0, 0, 0, 0, 0, 0, 0, 1, 1, 0, 1, 0, 1, 0, 0, 1, 0, 0, 1, 0, 0, 0, 0, 1, 0, 0, 0]","[[9.831778817247038], [31.345839672595595]]","[[[36.8134283269814]], [[27.84343424957028]]]","[[0.7883158825941068, 0.2116841174058933], [0.7743671072573107, 0.22563289274268933]]","{""0"": ""engaged"", ""1"": ""disengaged""}",-174.70574840673726
68598a1d4cebd213b2abb1d9,48,"[1, 0, 1, 0, 0, 0, 0, 1, 0, 0, 0, 0, 0, 0, 0, 0, 0, 0, 1, 0, 0, 0, 1, 0, 0, 1, 0, 0, 0, 1, 0, 0, 0, 0, 0, 1, 0, 0, 0, 0, 0, 0, 0, 0, 1, 0, 0, 0]","[[5.58256199179408], [15.922645658268848]]","[[[17.901400640165022]], [[43.38503931229704]]]","[[0.7645417423739034, 0.23545825762609676], [0.9999999999999912, 8.81737087205503e-15]]","{""0"": ""engaged"", ""1"": ""disengaged""}",-151.15758365492547
68e541cbbf146b5c074849ac,48,"[1, 1, 1, 0, 0, 0, 0, 0, 0, 0, 0, 0, 0, 0, 1, 1, 1, 1, 1, 1, 1, 1, 1, 1, 1, 1, 1, 1, 1, 1, 1, 1, 1, 1, 1, 1, 1, 1, 1, 1, 1, 1, 1, 1, 0, 0, 0, 0]","[[4.930437515714111], [25.327687300769828]]","[[[14.79858591580991]], [[147.5904663744184]]]","[[0.8889709912113204, 0.11102900878867968], [0.08101492844846225, 0.9189850715515377]]","{""0"": ""engaged"", ""1"": ""disengaged""}",-180.4586822488317
6902584f39b4b2ce82a5eda6,48,"[1, 0, 0, 0, 0, 0, 0, 0, 0, 0, 0, 0, 0, 0, 0, 0, 0, 0, 0, 0, 0, 0, 0, 0, 0, 0, 0, 0, 0, 0, 0, 0, 0, 0, 0, 0, 0, 0, 0, 1, 0, 0, 0, 0, 0, 0, 0, 0]","[[17.528926501789044], [70.0829474425663]]","[[[98.56829163856723]], [[1044.7855335609024]]]","[[0.9727831517341373, 0.027216848265862747], [0.9999991439598533, 8.560401467244169e-07]]","{""0"": ""engaged"", ""1"": ""disengaged""}",-185.2267856369175
69124176667ec0990dfb9da1,48,"[0, 0, 0, 0, 0, 0, 0, 0, 1, 1, 1, 1, 1, 1, 1, 0, 0, 0, 0, 0, 0, 0, 0, 1, 1, 1, 0, 0, 0, 0, 0, 0, 0, 0, 0, 0, 0, 0, 0, 0, 0, 0, 0, 0, 0, 0, 0, 0]","[[7.936539351640145], [27.9162383146283]]","[[[37.90996291522392]], [[218.3568581231664]]]","[[0.9233851499985334, 0.07661485000146676], [0.2664640537673927, 0.7335359462326072]]","{""0"": ""engaged"", ""1"": ""disengaged""}",-173.68761380002417
6917b43630e666e39c18fa7b,48,"[0, 0, 0, 1, 0, 0, 0, 0, 0, 0, 0, 0, 0, 0, 0, 0, 0, 0, 0, 0, 0, 0, 0, 0, 0, 1, 0, 0, 0, 1, 0, 1, 0, 1, 0, 0, 0, 0, 1, 0, 0, 1, 0, 1, 0, 0, 0, 1]","[[8.275763281498604], [21.737131222283768]]","[[[22.48778926762474]], [[6.204943897218344]]]","[[0.7788707667899294, 0.22112923321007066], [1.0, 1.0240272024628744e-27]]","{""0"": ""engaged"", ""1"": ""disengaged""}",-155.08597154316556
692d65c6d41395358622de47,48,"[0, 1, 0, 0, 0, 0, 1, 1, 0, 0, 0, 0, 0, 0, 0, 0, 0, 0, 0, 0, 0, 0, 0, 1, 1, 0, 0, 1, 1, 1, 1, 0, 0, 0, 0, 0, 0, 0, 0, 1, 0, 0, 0, 0, 0, 0, 0, 0]","[[7.572180265421351], [26.937095334530003]]","[[[16.8981437500978]], [[140.92940273891875]]]","[[0.8167844642667375, 0.1832155357332626], [0.5574364263707191, 0.442563573629281]]","{""0"": ""engaged"", ""1"": ""disengaged""}",-165.7246004895586
692e41b6e14a945652e39997,48,"[1, 1, 1, 1, 1, 1, 1, 1, 1, 1, 0, 0, 0, 0, 0, 0, 0, 0, 0, 0, 0, 0, 0, 0, 0, 0, 0, 0, 0, 0, 0, 0, 0, 0, 0, 0, 0, 0, 0, 0, 0, 0, 0, 0, 0, 0, 0, 0]","[[10.554846086006574], [21.242656090303697]]","[[[67.78803272663909]], [[91.76143870742244]]]","[[0.9999996862790003, 3.13720999679318e-07], [0.10143479062409433, 0.8985652093759057]]","{""0"": ""engaged"", ""1"": ""disengaged""}",-172.21377362612031
6932b19c5260dda743fca4af,48,"[0, 0, 1, 1, 0, 1, 0, 1, 0, 1, 1, 0, 1, 0, 0, 1, 0, 1, 1, 1, 1, 1, 1, 0, 1, 0, 0, 1, 0, 1, 1, 1, 0, 1, 0, 1, 0, 1, 1, 0, 1, 0, 0, 1, 1, 1, 1, 0]","[[4.602650403424037], [24.97514042440173]]","[[[9.078127201304733]], [[194.08195743857695]]]","[[0.19773757597814107, 0.8022624240218589], [0.46797734217507897, 0.5320226578249211]]","{""0"": ""engaged"", ""1"": ""disengaged""}",-186.15500989716338
69727a44c5c16e6541319a6a,48,"[1, 1, 1, 1, 1, 1, 1, 1, 1, 0, 1, 1, 1, 1, 1, 1, 1, 1, 1, 1, 0, 0, 0, 1, 1, 1, 1, 1, 1, 1, 1, 1, 0, 0, 1, 1, 0, 1, 1, 1, 1, 1, 0, 1, 1, 0, 0, 0]","[[5.019775145290851], [22.602474076506688]]","[[[7.1789112160727555]], [[96.71373271901601]]]","[[0.45977695092501325, 0.5402230490749867], [0.15364875393314192, 0.8463512460668581]]","{""0"": ""engaged"", ""1"": ""disengaged""}",-180.1958125346076
6977bd8c4a66002ceaa54c1d,48,"[0, 1, 1, 0, 0, 0, 0, 1, 0, 1, 0, 0, 0, 1, 0, 0, 0, 0, 0, 0, 0, 0, 0, 0, 0, 0, 0, 0, 0, 0, 1, 0, 0, 0, 1, 0, 1, 0, 1, 0, 0, 1, 0, 1, 0, 1, 1, 1]","[[4.986024792703716], [17.934614556750226]]","[[[8.953311171059463]], [[20.70233379626184]]]","[[0.6499650038115207, 0.35003499618847944], [0.7632089954085726, 0.23679100459142746]]","{""0"": ""engaged"", ""1"": ""disengaged""}",-151.2811604848219
6978e94c86ef2c792e089759,48,"[1, 1, 1, 0, 1, 0, 1, 0, 1, 0, 0, 0, 1, 1, 0, 1, 1, 0, 1, 1, 1, 0, 1, 0, 1, 1, 0, 1, 1, 1, 1, 0, 1, 0, 0, 1, 1, 1, 0, 1, 1, 0, 0, 1, 0, 1, 0, 1]","[[3.76706642408965], [19.188316318771406]]","[[[5.460738322757524]], [[55.4243269343237]]]","[[0.17596869205093413, 0.8240313079490659], [0.5009696649997505, 0.4990303350002495]]","{""0"": ""engaged"", ""1"": ""disengaged""}",-166.0619310482043
697a7ca703a2f04efb2de9e9,48,"[0, 1, 0, 0, 0, 0, 0, 1, 1, 0, 0, 0, 0, 0, 0, 0, 0, 0, 0, 0, 0, 0, 0, 1, 0, 0, 0, 0, 0, 0, 0, 0, 0, 0, 0, 0, 0, 0, 0, 0, 1, 0, 0, 0, 0, 0, 0, 0]","[[6.004339393105948], [19.62540834716161]]","[[[14.935856544258986]], [[2.6476042555045156]]]","[[0.9065011816551648, 0.09349881834483514], [0.8026757490280636, 0.19732425097193632]]","{""0"": ""engaged"", ""1"": ""disengaged""}",-143.83717621200535
697a8232cf359493f5c6f3fb,48,"[0, 1, 1, 1, 1, 0, 1, 0, 1, 1, 1, 0, 1, 1, 1, 0, 1, 1, 1, 1, 0, 0, 1, 0, 1, 1, 0, 1, 0, 0, 1, 1, 1, 1, 1, 1, 0, 1, 1, 1, 0, 1, 1, 1, 0, 0, 1, 1]","[[4.8422184705076825], [23.522619504590722]]","[[[17.85668548311198]], [[93.58840370310602]]]","[[0.1961515623475425, 0.8038484376524575], [0.30632956975473286, 0.6936704302452672]]","{""0"": ""engaged"", ""1"": ""disengaged""}",-184.63514157622785
697cbad1e4fa658183a9a4ba,48,"[1, 0, 0, 0, 0, 0, 0, 0, 0, 0, 0, 0, 0, 1, 0, 0, 0, 0, 1, 0, 0, 0, 0, 0, 0, 0, 0, 0, 0, 0, 0, 0, 0, 0, 0, 0, 0, 0, 0, 0, 0, 0, 0, 0, 0, 0, 1, 0]","[[8.333403504060199], [22.60449934195471]]","[[[32.83676958178225]], [[7.73599285713005]]]","[[0.9268887835733677, 0.0731112164266323], [0.9999979528850435, 2.047114956655263e-06]]","{""0"": ""engaged"", ""1"": ""disengaged""}",-157.52000657388388
