subject,frac_exploit,switch_count,mean_run_explore,mean_run_exploit,A,B,pi,state_labels,states,observations,mapped_observations,loglik
5671131573f58b0005664333,1.0,0,,48.0,"[[0.500619713980219, 0.499380286019781], [0.4773703932013622, 0.5226296067986379]]","[[0.0, 1.0], [0.0, 1.0]]","[0.48296481111125317, 0.5170351888887469]","{0: 'explore', 1: 'exploit'}","[1, 1, 1, 1, 1, 1, 1, 1, 1, 1, 1, 1, 1, 1, 1, 1, 1, 1, 1, 1, 1, 1, 1, 1, 1, 1, 1, 1, 1, 1, 1, 1, 1, 1, 1, 1, 1, 1, 1, 1, 1, 1, 1, 1, 1, 1, 1, 1]","[0, 0, 0, 0, 1, 1, 1, 0, 1, 0, 1, 0, 0, 0, 0, 1, 1, 1, 1, 0, 0, 0, 0, 1, 1, 0, 1, 0, 0, 0, 0, 0, 0, 1, 1, 1, 1, 0, 1, 1, 0, 1, 1, 0, 1, 0, 1, 1]","[1, 1, 1, 1, 1, 1, 1, 1, 1, 1, 1, 1, 1, 1, 1, 1, 1, 1, 1, 1, 1, 1, 1, 1, 1, 1, 1, 1, 1, 1, 1, 1, 1, 1, 1, 1, 1, 1, 1, 1, 1, 1, 1, 1, 1, 1, 1, 1]",3.7747582837255314e-15
5987bfb80e411a0001d83837,0.5208333333333334,46,1.0,1.0416666666666667,"[[0.4812587209267276, 0.5187412790732723], [0.4971244302731424, 0.5028755697268577]]","[[0.02278631042776469, 0.9772136895722353], [0.01896488802662786, 0.9810351119733721]]","[0.4688650860217191, 0.5311349139782808]","{0: 'explore', 1: 'exploit'}","[1, 1, 0, 1, 0, 1, 0, 1, 0, 1, 0, 1, 0, 1, 0, 1, 0, 1, 0, 1, 0, 1, 0, 1, 0, 1, 0, 1, 0, 1, 0, 1, 0, 1, 0, 1, 0, 1, 0, 1, 0, 1, 0, 1, 0, 1, 0, 1]","[0, 0, 0, 1, -1, 1, 0, 0, 1, 0, 0, 1, 1, 0, 1, 0, 0, 1, 1, 0, 1, 0, 1, 0, 0, 1, 0, 0, 1, 0, 1, 0, 0, 1, 0, 0, 0, 0, 1, 0, 0, 1, 1, 1, 1, 1, 0, 1]","[1, 1, 1, 1, 0, 1, 1, 1, 1, 1, 1, 1, 1, 1, 1, 1, 1, 1, 1, 1, 1, 1, 1, 1, 1, 1, 1, 1, 1, 1, 1, 1, 1, 1, 1, 1, 1, 1, 1, 1, 1, 1, 1, 1, 1, 1, 1, 1]",-4.860634073044308
5b2150d538b0be00014137fb,0.0,0,48.0,,"[[0.504489999396046, 0.4955100006039541], [0.49537803328169294, 0.5046219667183071]]","[[0.0, 1.0], [0.0, 1.0]]","[0.5070870985386937, 0.49291290146130634]","{0: 'explore', 1: 'exploit'}","[0, 0, 0, 0, 0, 0, 0, 0, 0, 0, 0, 0, 0, 0, 0, 0, 0, 0, 0, 0, 0, 0, 0, 0, 0, 0, 0, 0, 0, 0, 0, 0, 0, 0, 0, 0, 0, 0, 0, 0, 0, 0, 0, 0, 0, 0, 0, 0]","[1, 0, 0, 0, 1, 1, 0, 0, 1, 0, 0, 0, 0, 1, 1, 0, 0, 0, 0, 1, 1, 1, 0, 1, 0, 1, 1, 1, 1, 1, 1, 0, 1, 1, 0, 1, 1, 0, 0, 1, 1, 1, 0, 1, 0, 1, 0, 0]","[1, 1, 1, 1, 1, 1, 1, 1, 1, 1, 1, 1, 1, 1, 1, 1, 1, 1, 1, 1, 1, 1, 1, 1, 1, 1, 1, 1, 1, 1, 1, 1, 1, 1, 1, 1, 1, 1, 1, 1, 1, 1, 1, 1, 1, 1, 1, 1]",4.884981308350688e-15
5d617ba9364f9a0019f1dac3,0.020833333333333332,1,47.0,1.0,"[[0.5389686191363844, 0.46103138086361556], [0.5023519758888574, 0.4976480241111427]]","[[0.04326307946906009, 0.95673692053094], [0.0399378650254877, 0.9600621349745122]]","[0.4502598155584822, 0.5497401844415177]","{0: 'explore', 1: 'exploit'}","[1, 0, 0, 0, 0, 0, 0, 0, 0, 0, 0, 0, 0, 0, 0, 0, 0, 0, 0, 0, 0, 0, 0, 0, 0, 0, 0, 0, 0, 0, 0, 0, 0, 0, 0, 0, 0, 0, 0, 0, 0, 0, 0, 0, 0, 0, 0, 0]","[0, 0, 1, 0, 0, 1, 0, 1, 0, 0, 1, 1, 0, 0, 1, 0, 0, 1, 0, 0, 1, 0, 1, 1, 0, 1, 1, 0, 1, 1, 0, 1, 0, 1, 1, 0, -1, 1, 1, 0, 1, 1, 0, 0, 1, -1, 0, 0]","[1, 1, 1, 1, 1, 1, 1, 1, 1, 1, 1, 1, 1, 1, 1, 1, 1, 1, 1, 1, 1, 1, 1, 1, 1, 1, 1, 1, 1, 1, 1, 1, 1, 1, 1, 1, 0, 1, 1, 1, 1, 1, 1, 1, 1, 0, 1, 1]",-8.313619900208742
5dd0dce9ed7ea418f59810e4,1.0,0,,48.0,"[[0.5251256612501842, 0.47487433874981577], [0.4740928440638099, 0.5259071559361901]]","[[0.0, 1.0], [0.0, 1.0]]","[0.5063958837871841, 0.4936041162128158]","{0: 'explore', 1: 'exploit'}","[1, 1, 1, 1, 1, 1, 1, 1, 1, 1, 1, 1, 1, 1, 1, 1, 1, 1, 1, 1, 1, 1, 1, 1, 1, 1, 1, 1, 1, 1, 1, 1, 1, 1, 1, 1, 1, 1, 1, 1, 1, 1, 1, 1, 1, 1, 1, 1]","[1, 0, 1, 1, 1, 0, 0, 1, 1, 0, 1, 1, 1, 1, 1, 0, 0, 0, 1, 0, 1, 1, 0, 1, 1, 0, 1, 1, 1, 0, 1, 1, 0, 0, 1, 1, 1, 0, 0, 1, 0, 1, 0, 1, 0, 1, 1, 1]","[1, 1, 1, 1, 1, 1, 1, 1, 1, 1, 1, 1, 1, 1, 1, 1, 1, 1, 1, 1, 1, 1, 1, 1, 1, 1, 1, 1, 1, 1, 1, 1, 1, 1, 1, 1, 1, 1, 1, 1, 1, 1, 1, 1, 1, 1, 1, 1]",5.107025913275719e-15
5e6473fbc15dbe1f71eea95b,0.9166666666666666,8,1.0,8.8,"[[0.5136002708414676, 0.48639972915853236], [0.5212034969535144, 0.47879650304648563]]","[[0.0775045987766773, 0.9224954012233226], [0.08959027571844029, 0.9104097242815598]]","[0.5387648563875357, 0.4612351436124643]","{1: 'explore', 0: 'exploit'}","[0, 0, 0, 0, 0, 0, 0, 0, 0, 0, 1, 0, 0, 0, 0, 0, 0, 0, 0, 0, 0, 0, 0, 0, 0, 1, 0, 0, 0, 0, 0, 0, 1, 0, 0, 1, 0, 0, 0, 0, 0, 0, 0, 0, 0, 0, 0, 0]","[0, 0, 1, 0, 0, 0, 1, 0, 0, 0, -1, 0, 0, 1, 1, 0, 1, 0, 0, 1, 1, 0, 0, 1, 0, -1, 0, 0, 1, 0, 0, 1, -1, 1, 0, -1, 0, 1, 0, 1, 0, 0, 0, 0, 0, 0, 0, 0]","[1, 1, 1, 1, 1, 1, 1, 1, 1, 1, 0, 1, 1, 1, 1, 1, 1, 1, 1, 1, 1, 1, 1, 1, 1, 0, 1, 1, 1, 1, 1, 1, 0, 1, 1, 0, 1, 1, 1, 1, 1, 1, 1, 1, 1, 1, 1, 1]",-13.767876137511598
5ee7fbc114d0a60f9b076fb6,0.0,0,48.0,,"[[0.5057634768809229, 0.494236523119077], [0.5031069541723248, 0.4968930458276753]]","[[0.0, 1.0], [0.0, 1.0]]","[0.5180379536483495, 0.4819620463516505]","{0: 'explore', 1: 'exploit'}","[0, 0, 0, 0, 0, 0, 0, 0, 0, 0, 0, 0, 0, 0, 0, 0, 0, 0, 0, 0, 0, 0, 0, 0, 0, 0, 0, 0, 0, 0, 0, 0, 0, 0, 0, 0, 0, 0, 0, 0, 0, 0, 0, 0, 0, 0, 0, 0]","[0, 1, 0, 0, 0, 1, 1, 1, 0, 1, 0, 1, 0, 1, 1, 0, 0, 1, 1, 0, 0, 0, 0, 0, 0, 0, 1, 0, 0, 0, 1, 1, 0, 1, 1, 1, 1, 0, 1, 1, 1, 0, 1, 1, 0, 0, 1, 1]","[1, 1, 1, 1, 1, 1, 1, 1, 1, 1, 1, 1, 1, 1, 1, 1, 1, 1, 1, 1, 1, 1, 1, 1, 1, 1, 1, 1, 1, 1, 1, 1, 1, 1, 1, 1, 1, 1, 1, 1, 1, 1, 1, 1, 1, 1, 1, 1]",3.3306690738754692e-15
602e48dbf732e9962e27fdbd,0.9791666666666666,2,1.0,23.5,"[[0.505704609399547, 0.49429539060045313], [0.5160356906974926, 0.4839643093025074]]","[[0.01930135497322015, 0.98069864502678], [0.022435693925822016, 0.9775643060741779]]","[0.533476214478656, 0.46652378552134394]","{1: 'explore', 0: 'exploit'}","[0, 0, 0, 0, 0, 0, 0, 0, 0, 0, 0, 0, 0, 0, 0, 0, 0, 0, 0, 0, 0, 0, 0, 1, 0, 0, 0, 0, 0, 0, 0, 0, 0, 0, 0, 0, 0, 0, 0, 0, 0, 0, 0, 0, 0, 0, 0, 0]","[1, 1, 1, 0, 1, 1, 1, 1, 0, 1, 0, 1, 1, 0, 1, 1, 1, 0, 1, 1, 0, 1, 0, -1, 1, 1, 1, 1, 0, 0, 0, 0, 0, 0, 1, 0, 1, 0, 1, 0, 1, 1, 0, 1, 0, 0, 0, 0]","[1, 1, 1, 1, 1, 1, 1, 1, 1, 1, 1, 1, 1, 1, 1, 1, 1, 1, 1, 1, 1, 1, 1, 0, 1, 1, 1, 1, 1, 1, 1, 1, 1, 1, 1, 1, 1, 1, 1, 1, 1, 1, 1, 1, 1, 1, 1, 1]",-4.860641404838437
616033a44ba802b7e18daaa9,0.4791666666666667,45,1.0869565217391304,1.0,"[[0.1781697269419281, 0.8218302730580719], [0.9868640374821047, 0.0131359625178953]]","[[0.42695925368715004, 0.57304074631285], [0.042866716243103585, 0.9571332837568964]]","[2.2237930070849516e-16, 0.9999999999999997]","{0: 'explore', 1: 'exploit'}","[1, 0, 1, 0, 1, 0, 1, 0, 1, 0, 1, 0, 1, 0, 1, 0, 1, 0, 0, 1, 0, 1, 0, 1, 0, 1, 0, 1, 0, 1, 0, 1, 0, 1, 0, 1, 0, 0, 1, 0, 1, 0, 1, 0, 1, 0, 1, 0]","[1, 1, 1, 1, 1, -1, -1, 1, 1, -1, 0, 1, 0, -1, 1, 0, 1, -1, -1, 1, 0, 1, -1, 1, -1, 1, 1, 1, -1, 1, -1, 1, -1, 1, 0, 0, 1, -1, 0, 1, 1, 0, 1, 1, 1, 0, 1, 1]","[1, 1, 1, 1, 1, 0, 0, 1, 1, 0, 1, 1, 1, 0, 1, 1, 1, 0, 0, 1, 1, 1, 0, 1, 0, 1, 1, 1, 0, 1, 0, 1, 0, 1, 1, 1, 1, 0, 1, 1, 1, 1, 1, 1, 1, 1, 1, 1]",-25.646098752902446
650f65aac58fe4dc08bbe23f,0.9166666666666666,8,1.0,8.8,"[[0.46787993764711944, 0.5321200623528806], [0.48818024577273655, 0.5118197542272633]]","[[0.0906475180332071, 0.9093524819667929], [0.07664361707060281, 0.9233563829293973]]","[0.4411537664364287, 0.5588462335635713]","{0: 'explore', 1: 'exploit'}","[1, 1, 1, 1, 1, 1, 1, 1, 1, 1, 1, 1, 1, 1, 1, 1, 1, 1, 1, 1, 1, 0, 1, 1, 1, 1, 1, 1, 1, 1, 0, 1, 1, 0, 1, 1, 1, 1, 1, 1, 1, 0, 1, 1, 1, 1, 1, 1]","[0, 1, 1, 1, 1, 0, 0, 1, 0, 1, 0, 0, 1, 0, 0, 0, 1, 0, 0, 0, 1, -1, 1, 1, 1, 1, 0, 0, 1, 0, -1, 1, 0, -1, 1, 1, 0, 0, 1, 0, 0, -1, 1, 0, 0, 0, 1, 0]","[1, 1, 1, 1, 1, 1, 1, 1, 1, 1, 1, 1, 1, 1, 1, 1, 1, 1, 1, 1, 1, 0, 1, 1, 1, 1, 1, 1, 1, 1, 0, 1, 1, 0, 1, 1, 1, 1, 1, 1, 1, 0, 1, 1, 1, 1, 1, 1]",-13.767579699383344
654fd3d72b14d852c7fff2b4,0.4791666666666667,45,1.0869565217391304,1.0,"[[0.48750595235256317, 0.5124940476474368], [0.5085509362333274, 0.4914490637666727]]","[[0.059668570244483764, 0.9403314297555163], [0.06531615958181404, 0.934683840418186]]","[0.5264151398253708, 0.47358486017462925]","{1: 'explore', 0: 'exploit'}","[0, 1, 0, 1, 0, 1, 0, 1, 0, 1, 1, 0, 1, 0, 1, 0, 1, 0, 1, 0, 1, 0, 1, 1, 0, 1, 0, 1, 0, 1, 0, 1, 0, 1, 0, 1, 0, 1, 0, 1, 0, 1, 0, 1, 0, 1, 0, 1]","[1, 1, 1, 1, 1, 1, 1, 1, 0, 1, 1, 1, 1, 1, 1, 0, 1, 1, 1, 0, 1, 1, -1, 1, 1, 1, 1, 1, 1, 1, 1, 0, 1, -1, 1, 1, 1, 1, 1, 1, 1, 1, 1, -1, 1, 1, 1, 1]","[1, 1, 1, 1, 1, 1, 1, 1, 1, 1, 1, 1, 1, 1, 1, 1, 1, 1, 1, 1, 1, 1, 0, 1, 1, 1, 1, 1, 1, 1, 1, 1, 1, 0, 1, 1, 1, 1, 1, 1, 1, 1, 1, 0, 1, 1, 1, 1]",-11.221836616509492
656bb5b282d8f0267db9d167,0.9583333333333334,4,1.0,15.333333333333334,"[[0.4946375794088773, 0.5053624205911226], [0.4914556140646773, 0.5085443859353226]]","[[0.04366667438318922, 0.9563333256168107], [0.03972632764051725, 0.9602736723594827]]","[0.4645087957723519, 0.5354912042276483]","{0: 'explore', 1: 'exploit'}","[1, 1, 1, 1, 1, 1, 1, 1, 0, 1, 1, 1, 1, 1, 1, 1, 1, 1, 1, 1, 1, 1, 1, 1, 1, 1, 1, 1, 1, 1, 1, 1, 1, 1, 1, 1, 1, 0, 1, 1, 1, 1, 1, 1, 1, 1, 1, 1]","[0, 0, 1, 0, 0, 0, 1, 0, -1, 1, 1, 0, 0, 0, 1, 0, 0, 0, 0, 0, 1, 1, 0, 0, 0, 1, 1, 1, 1, 0, 0, 0, 0, 1, 0, 1, 0, -1, 1, 0, 1, 0, 0, 0, 1, 1, 1, 0]","[1, 1, 1, 1, 1, 1, 1, 1, 0, 1, 1, 1, 1, 1, 1, 1, 1, 1, 1, 1, 1, 1, 1, 1, 1, 1, 1, 1, 1, 1, 1, 1, 1, 1, 1, 1, 1, 0, 1, 1, 1, 1, 1, 1, 1, 1, 1, 1]",-8.313739884356789
65794b62e4bbf95a4f2c9f03,0.75,21,1.0909090909090908,3.272727272727273,"[[0.11355922064093701, 0.886440779359063], [0.36728971966773416, 0.6327102803322657]]","[[0.8587430717047443, 0.14125692829525568], [6.713933876252957e-05, 0.9999328606612374]]","[2.545927561108531e-26, 1.0]","{0: 'explore', 1: 'exploit'}","[1, 1, 1, 1, 1, 1, 1, 0, 1, 1, 0, 1, 1, 0, 1, 1, 0, 1, 1, 1, 1, 0, 1, 1, 1, 1, 1, 1, 1, 1, 0, 1, 1, 1, 0, 1, 1, 1, 1, 0, 1, 0, 1, 1, 0, 1, 0, 0]","[1, 0, 0, 0, 1, 0, 1, -1, 1, 1, -1, 0, 1, -1, 1, 1, -1, 0, 1, 1, 0, -1, 0, 0, 1, 1, 0, 0, 0, 0, -1, 1, 1, 0, -1, 0, 0, 1, 0, -1, 0, -1, 0, 1, -1, 1, -1, -1]","[1, 1, 1, 1, 1, 1, 1, 0, 1, 1, 0, 1, 1, 0, 1, 1, 0, 1, 1, 1, 1, 0, 1, 1, 1, 1, 1, 1, 1, 1, 0, 1, 1, 1, 0, 1, 1, 1, 1, 0, 1, 0, 1, 1, 0, 1, 0, 0]",-25.60323953523453
65ccca52871269168cc029b5,0.0,0,48.0,,"[[0.5241108946433586, 0.47588910535664136], [0.5031000056021029, 0.4968999943978971]]","[[0.0, 1.0], [0.0, 1.0]]","[0.5254141435536943, 0.4745858564463057]","{0: 'explore', 1: 'exploit'}","[0, 0, 0, 0, 0, 0, 0, 0, 0, 0, 0, 0, 0, 0, 0, 0, 0, 0, 0, 0, 0, 0, 0, 0, 0, 0, 0, 0, 0, 0, 0, 0, 0, 0, 0, 0, 0, 0, 0, 0, 0, 0, 0, 0, 0, 0, 0, 0]","[0, 1, 1, 1, 1, 0, 0, 1, 0, 0, 0, 1, 0, 1, 1, 0, 1, 0, 1, 1, 1, 0, 1, 0, 1, 1, 0, 0, 0, 0, 1, 1, 0, 1, 0, 0, 1, 1, 1, 1, 1, 1, 1, 0, 1, 1, 1, 0]","[1, 1, 1, 1, 1, 1, 1, 1, 1, 1, 1, 1, 1, 1, 1, 1, 1, 1, 1, 1, 1, 1, 1, 1, 1, 1, 1, 1, 1, 1, 1, 1, 1, 1, 1, 1, 1, 1, 1, 1, 1, 1, 1, 1, 1, 1, 1, 1]",3.330669073875469e-15
65f2f5ae1f9747ed36bd7226,1.0,0,,48.0,"[[0.4729775740910753, 0.5270224259089247], [0.46726126337563145, 0.5327387366243687]]","[[0.0, 1.0], [0.0, 1.0]]","[0.49618967955179727, 0.5038103204482027]","{0: 'explore', 1: 'exploit'}","[1, 1, 1, 1, 1, 1, 1, 1, 1, 1, 1, 1, 1, 1, 1, 1, 1, 1, 1, 1, 1, 1, 1, 1, 1, 1, 1, 1, 1, 1, 1, 1, 1, 1, 1, 1, 1, 1, 1, 1, 1, 1, 1, 1, 1, 1, 1, 1]","[1, 0, 0, 1, 1, 0, 0, 0, 1, 0, 1, 0, 1, 1, 1, 0, 1, 1, 1, 1, 0, 1, 0, 1, 0, 1, 1, 0, 1, 1, 1, 0, 1, 0, 1, 0, 1, 0, 1, 0, 1, 0, 1, 0, 1, 0, 1, 1]","[1, 1, 1, 1, 1, 1, 1, 1, 1, 1, 1, 1, 1, 1, 1, 1, 1, 1, 1, 1, 1, 1, 1, 1, 1, 1, 1, 1, 1, 1, 1, 1, 1, 1, 1, 1, 1, 1, 1, 1, 1, 1, 1, 1, 1, 1, 1, 1]",4.884981308350688e-15
65fd4ff0fac6ac4525f54b88,0.5416666666666666,44,1.0,1.1304347826086956,"[[0.48566435059132446, 0.5143356494086756], [0.5000687402732528, 0.4999312597267472]]","[[0.06537647230581142, 0.9346235276941885], [0.059710771182853443, 0.9402892288171466]]","[0.4605067350720616, 0.5394932649279385]","{0: 'explore', 1: 'exploit'}","[1, 0, 1, 0, 1, 0, 1, 0, 1, 0, 1, 0, 1, 0, 1, 0, 1, 0, 1, 1, 0, 1, 0, 1, 0, 1, 1, 0, 1, 0, 1, 0, 1, 0, 1, 0, 1, 0, 1, 0, 1, 0, 1, 1, 0, 1, 0, 1]","[0, 0, 1, 1, 1, 0, 0, -1, 1, 0, 0, 1, 1, 1, 1, 0, 1, 1, 0, 1, 1, 0, 1, 1, -1, 1, 0, 0, 0, 0, 0, 0, 1, 0, 1, 0, 1, 1, 0, 0, 1, -1, 0, 0, 1, 1, 0, 1]","[1, 1, 1, 1, 1, 1, 1, 0, 1, 1, 1, 1, 1, 1, 1, 1, 1, 1, 1, 1, 1, 1, 1, 1, 0, 1, 1, 1, 1, 1, 1, 1, 1, 1, 1, 1, 1, 1, 1, 1, 1, 0, 1, 1, 1, 1, 1, 1]",-11.221814537551566
65ff850ad8ac7b0e4cf9ec57,0.5208333333333334,46,1.0,1.0416666666666667,"[[0.298164238607636, 0.701835761392364], [0.8461556409622704, 0.15384435903772958]]","[[1.8734064870001817e-05, 0.99998126593513], [0.23310416242233492, 0.766895837577665]]","[0.9999853296596413, 1.4670340358809836e-05]","{1: 'explore', 0: 'exploit'}","[0, 1, 0, 1, 0, 1, 0, 1, 0, 1, 0, 1, 0, 1, 0, 1, 0, 1, 0, 1, 0, 1, 0, 1, 0, 1, 0, 1, 0, 1, 0, 1, 0, 1, 0, 1, 0, 1, 0, 1, 0, 0, 1, 0, 1, 0, 1, 0]","[0, 0, 0, 1, 0, 0, 0, 0, 0, 1, 0, 0, 1, 0, 1, 0, 0, 0, 0, 0, 0, 1, 0, 0, 0, 1, 0, -1, 1, 1, 0, 0, 1, -1, 1, -1, 1, 1, 1, -1, 0, 1, -1, 0, 0, 0, 0, 0]","[1, 1, 1, 1, 1, 1, 1, 1, 1, 1, 1, 1, 1, 1, 1, 1, 1, 1, 1, 1, 1, 1, 1, 1, 1, 1, 1, 0, 1, 1, 1, 1, 1, 0, 1, 0, 1, 1, 1, 0, 1, 1, 0, 1, 1, 1, 1, 1]",-15.489509995208202
660d675bbdf59327d9deb4ad,0.8958333333333334,9,1.0,8.6,"[[0.9047330278699435, 0.09526697213005653], [1.0, 1.1565521514457595e-59]]","[[1.5607140316571483e-10, 0.9999999998439285], [0.9997780653138234, 0.000221934686176539]]","[0.0, 1.0]","{1: 'explore', 0: 'exploit'}","[1, 0, 0, 0, 0, 1, 0, 0, 0, 0, 0, 0, 0, 1, 0, 0, 0, 0, 1, 0, 0, 0, 0, 0, 0, 0, 0, 0, 0, 1, 0, 0, 0, 0, 0, 0, 0, 0, 0, 0, 0, 0, 0, 0, 0, 0, 0, 0]","[-1, 0, 1, 1, 0, -1, 1, 0, 1, 1, 1, 0, 0, -1, 1, 0, 0, 0, -1, 1, 0, 1, 1, 1, 1, 0, 0, 0, 0, -1, 0, 0, 0, 1, 1, 1, 1, 1, 1, 1, 1, 1, 1, 1, 1, 1, 1, 1]","[0, 1, 1, 1, 1, 0, 1, 1, 1, 1, 1, 1, 1, 0, 1, 1, 1, 1, 0, 1, 1, 1, 1, 1, 1, 1, 1, 1, 1, 0, 1, 1, 1, 1, 1, 1, 1, 1, 1, 1, 1, 1, 1, 1, 1, 1, 1, 1]",-13.208969368205349
6613f83d1a9cf059d0af91ec,0.5,47,1.0,1.0,"[[0.4975179758688853, 0.5024820241311148], [0.5082943801284922, 0.4917056198715078]]","[[0.0, 1.0], [0.0, 1.0]]","[0.4791015979782467, 0.5208984020217533]","{0: 'explore', 1: 'exploit'}","[1, 0, 1, 0, 1, 0, 1, 0, 1, 0, 1, 0, 1, 0, 1, 0, 1, 0, 1, 0, 1, 0, 1, 0, 1, 0, 1, 0, 1, 0, 1, 0, 1, 0, 1, 0, 1, 0, 1, 0, 1, 0, 1, 0, 1, 0, 1, 0]","[1, 1, 1, 1, 0, 1, 1, 0, 1, 1, 1, 1, 1, 1, 1, 0, 1, 1, 1, 1, 1, 1, 1, 1, 1, 1, 1, 1, 1, 1, 1, 1, 1, 1, 1, 1, 1, 0, 1, 1, 1, 1, 0, 1, 1, 1, 1, 1]","[1, 1, 1, 1, 1, 1, 1, 1, 1, 1, 1, 1, 1, 1, 1, 1, 1, 1, 1, 1, 1, 1, 1, 1, 1, 1, 1, 1, 1, 1, 1, 1, 1, 1, 1, 1, 1, 1, 1, 1, 1, 1, 1, 1, 1, 1, 1, 1]",5.107025913275719e-15
6631997e0554bb6d25062fd4,1.0,0,,48.0,"[[0.4827478978541293, 0.5172521021458706], [0.46826906849982475, 0.5317309315001753]]","[[0.0, 1.0], [0.0, 1.0]]","[0.4970249957831453, 0.5029750042168547]","{0: 'explore', 1: 'exploit'}","[1, 1, 1, 1, 1, 1, 1, 1, 1, 1, 1, 1, 1, 1, 1, 1, 1, 1, 1, 1, 1, 1, 1, 1, 1, 1, 1, 1, 1, 1, 1, 1, 1, 1, 1, 1, 1, 1, 1, 1, 1, 1, 1, 1, 1, 1, 1, 1]","[0, 0, 1, 1, 1, 1, 1, 0, 0, 1, 1, 1, 1, 1, 1, 0, 1, 1, 1, 1, 0, 1, 0, 1, 0, 1, 1, 1, 1, 1, 1, 0, 1, 1, 1, 1, 1, 1, 1, 1, 1, 0, 1, 1, 1, 1, 1, 1]","[1, 1, 1, 1, 1, 1, 1, 1, 1, 1, 1, 1, 1, 1, 1, 1, 1, 1, 1, 1, 1, 1, 1, 1, 1, 1, 1, 1, 1, 1, 1, 1, 1, 1, 1, 1, 1, 1, 1, 1, 1, 1, 1, 1, 1, 1, 1, 1]",6.661338147750938e-16
66723b1f7c3cf6961f0868a3,0.5,47,1.0,1.0,"[[0.5008113192066337, 0.49918868079336637], [0.5397701636930552, 0.4602298363069447]]","[[0.0, 1.0], [0.0, 1.0]]","[0.4942263243119031, 0.505773675688097]","{0: 'explore', 1: 'exploit'}","[1, 0, 1, 0, 1, 0, 1, 0, 1, 0, 1, 0, 1, 0, 1, 0, 1, 0, 1, 0, 1, 0, 1, 0, 1, 0, 1, 0, 1, 0, 1, 0, 1, 0, 1, 0, 1, 0, 1, 0, 1, 0, 1, 0, 1, 0, 1, 0]","[0, 1, 1, 0, 1, 1, 1, 1, 1, 1, 1, 1, 1, 0, 0, 1, 0, 1, 1, 0, 1, 1, 1, 1, 0, 0, 0, 1, 0, 1, 1, 0, 0, 1, 1, 0, 0, 1, 0, 0, 0, 0, 0, 0, 0, 1, 0, 1]","[1, 1, 1, 1, 1, 1, 1, 1, 1, 1, 1, 1, 1, 1, 1, 1, 1, 1, 1, 1, 1, 1, 1, 1, 1, 1, 1, 1, 1, 1, 1, 1, 1, 1, 1, 1, 1, 1, 1, 1, 1, 1, 1, 1, 1, 1, 1, 1]",5.107025913275719e-15
669533c82c03a4d6320159d3,0.5,47,1.0,1.0,"[[0.4964170544976613, 0.5035829455023386], [0.511031882439252, 0.4889681175607481]]","[[0.0, 1.0], [0.0, 1.0]]","[0.5022424947460669, 0.49775750525393314]","{0: 'explore', 1: 'exploit'}","[1, 0, 1, 0, 1, 0, 1, 0, 1, 0, 1, 0, 1, 0, 1, 0, 1, 0, 1, 0, 1, 0, 1, 0, 1, 0, 1, 0, 1, 0, 1, 0, 1, 0, 1, 0, 1, 0, 1, 0, 1, 0, 1, 0, 1, 0, 1, 0]","[1, 1, 1, 1, 1, 1, 1, 1, 1, 1, 1, 1, 1, 1, 1, 1, 1, 1, 1, 1, 1, 1, 0, 1, 0, 1, 1, 1, 1, 1, 1, 1, 0, 0, 1, 1, 0, 1, 1, 1, 1, 1, 1, 0, 1, 1, 1, 1]","[1, 1, 1, 1, 1, 1, 1, 1, 1, 1, 1, 1, 1, 1, 1, 1, 1, 1, 1, 1, 1, 1, 1, 1, 1, 1, 1, 1, 1, 1, 1, 1, 1, 1, 1, 1, 1, 1, 1, 1, 1, 1, 1, 1, 1, 1, 1, 1]",5.107025913275719e-15
66cb3e461d3bc3f143a834bb,0.5,47,1.0,1.0,"[[0.4816723899471472, 0.5183276100528528], [0.5017935080262688, 0.49820649197373135]]","[[0.022739475445000577, 0.9772605245549995], [0.018992346559958222, 0.9810076534400417]]","[0.46302295788272574, 0.5369770421172743]","{0: 'explore', 1: 'exploit'}","[1, 0, 1, 0, 1, 0, 1, 0, 1, 0, 1, 0, 1, 0, 1, 0, 1, 0, 1, 0, 1, 0, 1, 0, 1, 0, 1, 0, 1, 0, 1, 0, 1, 0, 1, 0, 1, 0, 1, 0, 1, 0, 1, 0, 1, 0, 1, 0]","[0, 0, 1, 1, 1, 1, 1, 1, 0, 1, 1, 0, 0, 0, 1, 1, 0, 0, 1, 0, 0, 1, 0, 1, 0, 1, 0, 1, 1, -1, 0, 1, 0, 1, 0, 0, 0, 1, 0, 0, 0, 0, 0, 0, 1, 0, 1, 1]","[1, 1, 1, 1, 1, 1, 1, 1, 1, 1, 1, 1, 1, 1, 1, 1, 1, 1, 1, 1, 1, 1, 1, 1, 1, 1, 1, 1, 1, 0, 1, 1, 1, 1, 1, 1, 1, 1, 1, 1, 1, 1, 1, 1, 1, 1, 1, 1]",-4.8606044335395815
66cc85c87017ef38adbaebc6,0.9791666666666666,1,1.0,47.0,"[[0.500481902277739, 0.499518097722261], [0.4955567101287869, 0.5044432898712132]]","[[0.0, 1.0], [0.0, 1.0]]","[0.5186477530557932, 0.4813522469442068]","{0: 'explore', 1: 'exploit'}","[0, 1, 1, 1, 1, 1, 1, 1, 1, 1, 1, 1, 1, 1, 1, 1, 1, 1, 1, 1, 1, 1, 1, 1, 1, 1, 1, 1, 1, 1, 1, 1, 1, 1, 1, 1, 1, 1, 1, 1, 1, 1, 1, 1, 1, 1, 1, 1]","[1, 1, 1, 0, 0, 1, 1, 1, 1, 1, 1, 1, 1, 0, 1, 0, 0, 1, 1, 1, 1, 1, 1, 1, 0, 1, 1, 0, 1, 1, 1, 1, 0, 0, 0, 1, 1, 1, 1, 0, 1, 1, 1, 1, 1, 1, 0, 1]","[1, 1, 1, 1, 1, 1, 1, 1, 1, 1, 1, 1, 1, 1, 1, 1, 1, 1, 1, 1, 1, 1, 1, 1, 1, 1, 1, 1, 1, 1, 1, 1, 1, 1, 1, 1, 1, 1, 1, 1, 1, 1, 1, 1, 1, 1, 1, 1]",5.3290705182007506e-15
67911b9be5af0ac0763a28c7,1.0,0,,48.0,"[[0.49062341958993133, 0.5093765804100686], [0.4877914004269277, 0.5122085995730723]]","[[0.0, 1.0], [0.0, 1.0]]","[0.48806552623824917, 0.5119344737617508]","{0: 'explore', 1: 'exploit'}","[1, 1, 1, 1, 1, 1, 1, 1, 1, 1, 1, 1, 1, 1, 1, 1, 1, 1, 1, 1, 1, 1, 1, 1, 1, 1, 1, 1, 1, 1, 1, 1, 1, 1, 1, 1, 1, 1, 1, 1, 1, 1, 1, 1, 1, 1, 1, 1]","[1, 1, 0, 1, 1, 1, 1, 1, 1, 0, 1, 1, 1, 1, 1, 1, 1, 1, 1, 1, 1, 1, 1, 1, 1, 1, 1, 1, 1, 1, 1, 1, 1, 1, 1, 1, 1, 1, 1, 1, 1, 1, 1, 1, 1, 1, 1, 1]","[1, 1, 1, 1, 1, 1, 1, 1, 1, 1, 1, 1, 1, 1, 1, 1, 1, 1, 1, 1, 1, 1, 1, 1, 1, 1, 1, 1, 1, 1, 1, 1, 1, 1, 1, 1, 1, 1, 1, 1, 1, 1, 1, 1, 1, 1, 1, 1]",5.3290705182007506e-15
67cc3f4c640c0ff4df30a225,0.5,46,1.0434782608695652,1.0,"[[0.4831715609986191, 0.516828439001381], [0.5059557433545925, 0.4940442566454075]]","[[0.10029040118495107, 0.899709598815049], [0.10797422037344447, 0.8920257796265555]]","[0.5360751494368374, 0.46392485056316257]","{1: 'explore', 0: 'exploit'}","[0, 1, 0, 1, 0, 1, 0, 1, 0, 1, 0, 1, 0, 1, 0, 1, 0, 1, 0, 1, 0, 1, 0, 1, 0, 1, 1, 0, 1, 0, 1, 0, 1, 0, 1, 0, 1, 0, 1, 0, 1, 0, 1, 0, 1, 0, 1, 0]","[1, 1, 1, 0, 1, -1, 1, 1, 1, 1, 1, 0, 1, 1, 1, -1, 0, 1, 1, 1, 1, 0, 1, 1, 1, -1, -1, 1, 1, 1, 1, 1, 1, 1, 1, 1, -1, 0, 1, 1, 1, 0, 0, 1, 1, 0, 1, 0]","[1, 1, 1, 1, 1, 0, 1, 1, 1, 1, 1, 1, 1, 1, 1, 0, 1, 1, 1, 1, 1, 1, 1, 1, 1, 0, 0, 1, 1, 1, 1, 1, 1, 1, 1, 1, 0, 1, 1, 1, 1, 1, 1, 1, 1, 1, 1, 1]",-16.038554025031566
67d1d172e049a486152a5ce9,0.8541666666666666,4,3.5,13.666666666666666,"[[0.601435050214154, 0.398564949785846], [0.07534274604052411, 0.924657253959476]]","[[0.999992067670921, 7.932329078933284e-06], [0.06237501416662295, 0.937624985833377]]","[3.6686171263683656e-168, 1.0]","{0: 'explore', 1: 'exploit'}","[1, 1, 1, 1, 1, 1, 1, 1, 1, 1, 1, 1, 1, 1, 1, 1, 1, 1, 1, 1, 1, 1, 1, 1, 1, 1, 1, 1, 1, 1, 1, 1, 1, 0, 0, 1, 1, 1, 1, 1, 1, 1, 0, 0, 0, 0, 0, 1]","[1, 0, 1, 0, 0, -1, 0, 0, -1, 1, 0, 1, 1, 0, 0, 1, 0, -1, 0, 1, 0, 0, 1, 1, 1, 0, 1, 1, 1, 0, 1, 0, 0, -1, -1, 0, 1, 1, 0, 1, 1, 1, -1, -1, -1, -1, -1, 1]","[1, 1, 1, 1, 1, 0, 1, 1, 0, 1, 1, 1, 1, 1, 1, 1, 1, 0, 1, 1, 1, 1, 1, 1, 1, 1, 1, 1, 1, 1, 1, 1, 1, 0, 0, 1, 1, 1, 1, 1, 1, 1, 0, 0, 0, 0, 0, 1]",-21.435282261491043
67eb5332af03cf75862d5e87,0.5,47,1.0,1.0,"[[0.49870579355760714, 0.5012942064423929], [0.5107638111409534, 0.4892361888590467]]","[[0.0, 1.0], [0.0, 1.0]]","[0.5198127629996525, 0.48018723700034743]","{0: 'explore', 1: 'exploit'}","[0, 1, 0, 1, 0, 1, 0, 1, 0, 1, 0, 1, 0, 1, 0, 1, 0, 1, 0, 1, 0, 1, 0, 1, 0, 1, 0, 1, 0, 1, 0, 1, 0, 1, 0, 1, 0, 1, 0, 1, 0, 1, 0, 1, 0, 1, 0, 1]","[0, 1, 0, 0, 1, 0, 1, 0, 1, 0, 0, 0, 0, 1, 1, 0, 0, 0, 0, 0, 0, 1, 1, 1, 0, 1, 0, 1, 1, 1, 1, 0, 0, 0, 1, 1, 1, 1, 0, 1, 1, 0, 0, 1, 1, 0, 1, 0]","[1, 1, 1, 1, 1, 1, 1, 1, 1, 1, 1, 1, 1, 1, 1, 1, 1, 1, 1, 1, 1, 1, 1, 1, 1, 1, 1, 1, 1, 1, 1, 1, 1, 1, 1, 1, 1, 1, 1, 1, 1, 1, 1, 1, 1, 1, 1, 1]",3.5527136788005e-15
682b23f345fc428cc9586a06,0.9375,6,1.0,11.25,"[[0.4857955225163813, 0.5142044774836187], [0.4862802611362982, 0.5137197388637018]]","[[0.06678963226384678, 0.9332103677361533], [0.0584494253922288, 0.9415505746077713]]","[0.4679748394761285, 0.5320251605238715]","{0: 'explore', 1: 'exploit'}","[1, 1, 1, 1, 1, 1, 1, 1, 1, 1, 1, 1, 1, 1, 1, 1, 1, 1, 1, 1, 1, 1, 1, 0, 1, 1, 1, 1, 1, 1, 1, 1, 1, 1, 1, 1, 0, 1, 1, 1, 1, 1, 1, 1, 1, 0, 1, 1]","[1, 1, 1, 0, 0, 1, 1, 0, 1, 1, 1, 0, 1, 1, 1, 1, 1, 0, 1, 1, 0, 0, 0, -1, 1, 1, 1, 1, 0, 0, 1, 1, 0, 1, 1, 1, -1, 1, 1, 0, 1, 0, 1, 1, 0, -1, 1, 0]","[1, 1, 1, 1, 1, 1, 1, 1, 1, 1, 1, 1, 1, 1, 1, 1, 1, 1, 1, 1, 1, 1, 1, 0, 1, 1, 1, 1, 1, 1, 1, 1, 1, 1, 1, 1, 0, 1, 1, 1, 1, 1, 1, 1, 1, 0, 1, 1]",-11.221859821498823
68e541cbbf146b5c074849ac,0.5208333333333334,46,1.0,1.0416666666666667,"[[0.5048645654906382, 0.4951354345093617], [0.5203923066647105, 0.47960769333528946]]","[[0.03738876582179872, 0.9626112341782014], [0.04617336115872298, 0.9538266388412769]]","[0.5410180088365782, 0.45898199116342175]","{1: 'explore', 0: 'exploit'}","[0, 1, 0, 1, 0, 1, 0, 1, 0, 1, 0, 1, 0, 1, 0, 1, 0, 1, 0, 1, 0, 0, 1, 0, 1, 0, 1, 0, 1, 0, 1, 0, 1, 0, 1, 0, 1, 0, 1, 0, 1, 0, 1, 0, 1, 0, 1, 0]","[0, 0, 0, 0, 1, 1, 1, 0, 1, 0, 1, 1, 0, 1, 1, 1, 1, 1, 1, 1, 1, 1, 1, 1, 1, 1, 1, 1, 1, 1, 1, 1, 1, 1, 1, 1, -1, 1, 1, 1, -1, 1, 1, 1, 1, 1, 1, 1]","[1, 1, 1, 1, 1, 1, 1, 1, 1, 1, 1, 1, 1, 1, 1, 1, 1, 1, 1, 1, 1, 1, 1, 1, 1, 1, 1, 1, 1, 1, 1, 1, 1, 1, 1, 1, 0, 1, 1, 1, 0, 1, 1, 1, 1, 1, 1, 1]",-8.313599775695634
69124176667ec0990dfb9da1,0.9791666666666666,2,1.0,23.5,"[[0.5078420158824271, 0.4921579841175729], [0.5055461463588649, 0.4944538536411352]]","[[0.01974903694203931, 0.9802509630579608], [0.02195020543123373, 0.9780497945687662]]","[0.5397621212025278, 0.4602378787974722]","{1: 'explore', 0: 'exploit'}","[0, 0, 0, 0, 0, 0, 0, 0, 0, 0, 0, 1, 0, 0, 0, 0, 0, 0, 0, 0, 0, 0, 0, 0, 0, 0, 0, 0, 0, 0, 0, 0, 0, 0, 0, 0, 0, 0, 0, 0, 0, 0, 0, 0, 0, 0, 0, 0]","[0, 0, 1, 0, 0, 0, 0, 1, 0, 1, 1, -1, 1, 1, 0, 0, 0, 1, 1, 0, 1, 1, 1, 0, 1, 0, 1, 1, 1, 1, 1, 1, 1, 1, 1, 1, 1, 0, 1, 1, 1, 1, 1, 1, 1, 1, 1, 1]","[1, 1, 1, 1, 1, 1, 1, 1, 1, 1, 1, 0, 1, 1, 1, 1, 1, 1, 1, 1, 1, 1, 1, 1, 1, 1, 1, 1, 1, 1, 1, 1, 1, 1, 1, 1, 1, 1, 1, 1, 1, 1, 1, 1, 1, 1, 1, 1]",-4.860640037245862
69126cc06844917f79f2ec58,0.9375,4,1.5,15.0,"[[0.4926128120621179, 0.5073871879378821], [0.4922417128189942, 0.5077582871810058]]","[[0.06806056329354036, 0.9319394367064596], [0.05711451992042987, 0.9428854800795702]]","[0.47217447440585264, 0.5278255255941474]","{0: 'explore', 1: 'exploit'}","[1, 1, 1, 1, 1, 1, 1, 1, 1, 1, 1, 1, 1, 1, 1, 1, 1, 1, 1, 1, 1, 1, 1, 1, 1, 1, 1, 1, 1, 1, 1, 1, 1, 1, 1, 1, 1, 1, 1, 1, 1, 0, 1, 1, 0, 0, 1, 1]","[0, 1, 0, 1, 0, 0, 1, 1, 1, 0, 1, 0, 0, 1, 0, 0, 1, 0, 1, 0, 0, 1, 1, 1, 1, 0, 0, 1, 1, 0, 0, 0, 1, 1, 0, 1, 1, 0, 0, 0, 0, -1, 1, 0, -1, -1, 0, 1]","[1, 1, 1, 1, 1, 1, 1, 1, 1, 1, 1, 1, 1, 1, 1, 1, 1, 1, 1, 1, 1, 1, 1, 1, 1, 1, 1, 1, 1, 1, 1, 1, 1, 1, 1, 1, 1, 1, 1, 1, 1, 0, 1, 1, 0, 0, 1, 1]",-11.221797757882994
6917b43630e666e39c18fa7b,1.0,0,,48.0,"[[0.4902392924696638, 0.5097607075303361], [0.48932874725528963, 0.5106712527447104]]","[[0.0, 1.0], [0.0, 1.0]]","[0.48179888077790484, 0.5182011192220952]","{0: 'explore', 1: 'exploit'}","[1, 1, 1, 1, 1, 1, 1, 1, 1, 1, 1, 1, 1, 1, 1, 1, 1, 1, 1, 1, 1, 1, 1, 1, 1, 1, 1, 1, 1, 1, 1, 1, 1, 1, 1, 1, 1, 1, 1, 1, 1, 1, 1, 1, 1, 1, 1, 1]","[1, 0, 1, 1, 1, 1, 0, 0, 0, 1, 1, 1, 1, 1, 0, 0, 0, 0, 0, 1, 0, 0, 1, 1, 1, 0, 0, 0, 0, 1, 1, 1, 1, 0, 0, 0, 0, 1, 0, 1, 0, 0, 0, 1, 1, 1, 0, 1]","[1, 1, 1, 1, 1, 1, 1, 1, 1, 1, 1, 1, 1, 1, 1, 1, 1, 1, 1, 1, 1, 1, 1, 1, 1, 1, 1, 1, 1, 1, 1, 1, 1, 1, 1, 1, 1, 1, 1, 1, 1, 1, 1, 1, 1, 1, 1, 1]",3.5527136788005005e-15
692e41b6e14a945652e39997,0.9791666666666666,1,1.0,47.0,"[[0.49447906833280797, 0.505520931667192], [0.49398059925318577, 0.5060194007468143]]","[[0.0, 1.0], [0.0, 1.0]]","[0.5195481708236893, 0.48045182917631074]","{0: 'explore', 1: 'exploit'}","[0, 1, 1, 1, 1, 1, 1, 1, 1, 1, 1, 1, 1, 1, 1, 1, 1, 1, 1, 1, 1, 1, 1, 1, 1, 1, 1, 1, 1, 1, 1, 1, 1, 1, 1, 1, 1, 1, 1, 1, 1, 1, 1, 1, 1, 1, 1, 1]","[0, 1, 1, 1, 1, 0, 1, 1, 1, 1, 1, 1, 1, 1, 1, 1, 1, 1, 1, 1, 1, 0, 1, 1, 1, 1, 1, 1, 1, 1, 1, 1, 1, 1, 1, 1, 1, 1, 1, 1, 1, 0, 1, 1, 1, 0, 1, 1]","[1, 1, 1, 1, 1, 1, 1, 1, 1, 1, 1, 1, 1, 1, 1, 1, 1, 1, 1, 1, 1, 1, 1, 1, 1, 1, 1, 1, 1, 1, 1, 1, 1, 1, 1, 1, 1, 1, 1, 1, 1, 1, 1, 1, 1, 1, 1, 1]",5.3290705182007506e-15
6932b19c5260dda743fca4af,0.7291666666666666,2,13.0,17.5,"[[0.5048302454324021, 0.49516975456759793], [0.4989570338749067, 0.5010429661250934]]","[[0.08750089321391206, 0.9124991067860879], [0.07915097598097116, 0.9208490240190289]]","[0.45327917631804676, 0.5467208236819533]","{0: 'explore', 1: 'exploit'}","[1, 1, 1, 1, 1, 1, 1, 1, 1, 1, 0, 0, 0, 0, 0, 0, 0, 0, 0, 0, 0, 0, 0, 1, 1, 1, 1, 1, 1, 1, 1, 1, 1, 1, 1, 1, 1, 1, 1, 1, 1, 1, 1, 1, 1, 1, 1, 1]","[1, 1, 1, 0, 1, 1, 1, 1, 1, 1, -1, 1, 0, 1, 1, 1, 1, -1, 1, -1, 1, 1, -1, 0, 1, 1, 1, 1, 1, 1, 1, 1, 1, 1, 1, 1, 1, 1, 1, 0, 1, 1, 1, 1, 1, 1, 1, 1]","[1, 1, 1, 1, 1, 1, 1, 1, 1, 1, 0, 1, 1, 1, 1, 1, 1, 0, 1, 0, 1, 1, 0, 1, 1, 1, 1, 1, 1, 1, 1, 1, 1, 1, 1, 1, 1, 1, 1, 1, 1, 1, 1, 1, 1, 1, 1, 1]",-13.767723683891942
693348df632d7f923e83d2bb,0.020833333333333332,1,47.0,1.0,"[[0.5044366507641552, 0.4955633492358448], [0.48519628743446175, 0.5148037125655384]]","[[0.0602183293290214, 0.9397816706709785], [0.06473884831958238, 0.9352611516804177]]","[0.5205725453603143, 0.4794274546396857]","{1: 'explore', 0: 'exploit'}","[0, 1, 1, 1, 1, 1, 1, 1, 1, 1, 1, 1, 1, 1, 1, 1, 1, 1, 1, 1, 1, 1, 1, 1, 1, 1, 1, 1, 1, 1, 1, 1, 1, 1, 1, 1, 1, 1, 1, 1, 1, 1, 1, 1, 1, 1, 1, 1]","[0, 0, 0, 0, 0, 1, 0, 1, 0, 1, 1, 0, 1, 1, 0, 0, 0, -1, -1, 1, 1, 1, 1, 0, 1, 1, -1, 0, 1, 0, 1, 1, 0, 1, 1, 0, 0, 1, 1, 1, 1, 0, 0, 0, 1, 1, 1, 0]","[1, 1, 1, 1, 1, 1, 1, 1, 1, 1, 1, 1, 1, 1, 1, 1, 1, 0, 0, 1, 1, 1, 1, 1, 1, 1, 0, 1, 1, 1, 1, 1, 1, 1, 1, 1, 1, 1, 1, 1, 1, 1, 1, 1, 1, 1, 1, 1]",-11.221861978914013
696c3f1675addf129b4bff87,0.0,0,48.0,,"[[0.5220222680987986, 0.47797773190120146], [0.5036996178233879, 0.4963003821766122]]","[[0.0, 1.0], [0.0, 1.0]]","[0.5284839924256427, 0.4715160075743573]","{0: 'explore', 1: 'exploit'}","[0, 0, 0, 0, 0, 0, 0, 0, 0, 0, 0, 0, 0, 0, 0, 0, 0, 0, 0, 0, 0, 0, 0, 0, 0, 0, 0, 0, 0, 0, 0, 0, 0, 0, 0, 0, 0, 0, 0, 0, 0, 0, 0, 0, 0, 0, 0, 0]","[1, 1, 0, 0, 0, 1, 0, 0, 0, 0, 0, 1, 0, 1, 1, 1, 0, 1, 0, 1, 1, 1, 0, 1, 1, 0, 1, 0, 1, 1, 1, 1, 1, 0, 0, 1, 1, 1, 0, 1, 0, 0, 0, 0, 0, 0, 1, 1]","[1, 1, 1, 1, 1, 1, 1, 1, 1, 1, 1, 1, 1, 1, 1, 1, 1, 1, 1, 1, 1, 1, 1, 1, 1, 1, 1, 1, 1, 1, 1, 1, 1, 1, 1, 1, 1, 1, 1, 1, 1, 1, 1, 1, 1, 1, 1, 1]",5.107025913275719e-15
