subject,frac_exploit,switch_count,mean_run_explore,mean_run_exploit,A,B,pi,state_labels,states,observations,mapped_observations,category,loglik
5671131573f58b0005664333,1.0,0,,48.0,"[[0.6424290911204932, 0.3575709088795067], [0.40515543384596187, 0.5948445661540381]]","[[3.9229694201219194e-05, 0.9999607703057988], [4.441857230041516e-05, 0.9999555814276996]]","[0.524784147813271, 0.475215852186729]","{1: 'explore', 0: 'exploit'}","[0, 0, 0, 0, 0, 0, 0, 0, 0, 0, 0, 0, 0, 0, 0, 0, 0, 0, 0, 0, 0, 0, 0, 0, 0, 0, 0, 0, 0, 0, 0, 0, 0, 0, 0, 0, 0, 0, 0, 0, 0, 0, 0, 0, 0, 0, 0, 0]","[0, 0, 0, 0, 1, 1, 1, 0, 1, 0, 1, 0, 0, 0, 0, 1, 1, 1, 1, 0, 0, 0, 0, 1, 1, 0, 1, 0, 0, 0, 0, 0, 0, 1, 1, 1, 1, 0, 1, 1, 0, 1, 1, 0, 1, 0, 1, 1]","[1, 1, 1, 1, 1, 1, 1, 1, 1, 1, 1, 1, 1, 1, 1, 1, 1, 1, 1, 1, 1, 1, 1, 1, 1, 1, 1, 1, 1, 1, 1, 1, 1, 1, 1, 1, 1, 1, 1, 1, 1, 1, 1, 1, 1, 1, 1, 1]",on-to-on,-0.0019998742676483
5987bfb80e411a0001d83837,1.0,0,,48.0,"[[0.5826477429832285, 0.41735225701677153], [0.380042558345632, 0.6199574416543681]]","[[0.022399746286017718, 0.9776002537139823], [0.019485996738661568, 0.9805140032613385]]","[0.457360293167867, 0.542639706832133]","{1: 'explore', 0: 'exploit'}","[0, 0, 0, 0, 0, 0, 0, 0, 0, 0, 0, 0, 0, 0, 0, 0, 0, 0, 0, 0, 0, 0, 0, 0, 0, 0, 0, 0, 0, 0, 0, 0, 0, 0, 0, 0, 0, 0, 0, 0, 0, 0, 0, 0, 0, 0, 0, 0]","[0, 0, 0, 1, -1, 1, 0, 0, 1, 0, 0, 1, 1, 0, 1, 0, 0, 1, 1, 0, 1, 0, 1, 0, 0, 1, 0, 0, 1, 0, 1, 0, 0, 1, 0, 0, 0, 0, 1, 0, 0, 1, 1, 1, 1, 1, 0, 1]","[1, 1, 1, 1, 0, 1, 1, 1, 1, 1, 1, 1, 1, 1, 1, 1, 1, 1, 1, 1, 1, 1, 1, 1, 1, 1, 1, 1, 1, 1, 1, 1, 1, 1, 1, 1, 1, 1, 1, 1, 1, 1, 1, 1, 1, 1, 1, 1]",on-to-on,-4.86067666801156
5b2150d538b0be00014137fb,1.0,0,,48.0,"[[0.6371493388299833, 0.36285066117001685], [0.43452353980630404, 0.5654764601936959]]","[[3.825008986404558e-05, 0.9999617499101359], [4.574508795321682e-05, 0.9999542549120467]]","[0.5325536748752321, 0.46744632512476797]","{1: 'explore', 0: 'exploit'}","[0, 0, 0, 0, 0, 0, 0, 0, 0, 0, 0, 0, 0, 0, 0, 0, 0, 0, 0, 0, 0, 0, 0, 0, 0, 0, 0, 0, 0, 0, 0, 0, 0, 0, 0, 0, 0, 0, 0, 0, 0, 0, 0, 0, 0, 0, 0, 0]","[1, 0, 0, 0, 1, 1, 0, 0, 1, 0, 0, 0, 0, 1, 1, 0, 0, 0, 0, 1, 1, 1, 0, 1, 0, 1, 1, 1, 1, 1, 1, 0, 1, 1, 0, 1, 1, 0, 0, 1, 1, 1, 0, 1, 0, 1, 0, 0]","[1, 1, 1, 1, 1, 1, 1, 1, 1, 1, 1, 1, 1, 1, 1, 1, 1, 1, 1, 1, 1, 1, 1, 1, 1, 1, 1, 1, 1, 1, 1, 1, 1, 1, 1, 1, 1, 1, 1, 1, 1, 1, 1, 1, 1, 1, 1, 1]",on-to-on,-0.0019998735060251
5d617ba9364f9a0019f1dac3,0.0,0,48.0,,"[[0.6388115944873515, 0.36118840551264847], [0.40046632212077476, 0.5995336778792253]]","[[0.04332071717994484, 0.9566792828200552], [0.03992858377405068, 0.9600714162259494]]","[0.44764032741330406, 0.552359672586696]","{1: 'explore', 0: 'exploit'}","[1, 1, 1, 1, 1, 1, 1, 1, 1, 1, 1, 1, 1, 1, 1, 1, 1, 1, 1, 1, 1, 1, 1, 1, 1, 1, 1, 1, 1, 1, 1, 1, 1, 1, 1, 1, 1, 1, 1, 1, 1, 1, 1, 1, 1, 1, 1, 1]","[0, 0, 1, 0, 0, 1, 0, 1, 0, 0, 1, 1, 0, 0, 1, 0, 0, 1, 0, 0, 1, 0, 1, 1, 0, 1, 1, 0, 1, 1, 0, 1, 0, 1, 1, 0, -1, 1, 1, 0, 1, 1, 0, 0, 1, -1, 0, 0]","[1, 1, 1, 1, 1, 1, 1, 1, 1, 1, 1, 1, 1, 1, 1, 1, 1, 1, 1, 1, 1, 1, 1, 1, 1, 1, 1, 1, 1, 1, 1, 1, 1, 1, 1, 1, 0, 1, 1, 1, 1, 1, 1, 1, 1, 0, 1, 1]",off-to-off,-8.313560338167951
5dd0dce9ed7ea418f59810e4,1.0,0,,48.0,"[[0.6350765468644626, 0.3649234531355374], [0.44237539472957516, 0.5576246052704249]]","[[3.805113486815394e-05, 0.9999619488651318], [4.60329390884105e-05, 0.9999539670609116]]","[0.5284930826261972, 0.47150691737380285]","{1: 'explore', 0: 'exploit'}","[0, 0, 0, 0, 0, 0, 0, 0, 0, 0, 0, 0, 0, 0, 0, 0, 0, 0, 0, 0, 0, 0, 0, 0, 0, 0, 0, 0, 0, 0, 0, 0, 0, 0, 0, 0, 0, 0, 0, 0, 0, 0, 0, 0, 0, 0, 0, 0]","[1, 0, 1, 1, 1, 0, 0, 1, 1, 0, 1, 1, 1, 1, 1, 0, 0, 0, 1, 0, 1, 1, 0, 1, 1, 0, 1, 1, 1, 0, 1, 1, 0, 0, 1, 1, 1, 0, 0, 1, 0, 1, 0, 1, 0, 1, 1, 1]","[1, 1, 1, 1, 1, 1, 1, 1, 1, 1, 1, 1, 1, 1, 1, 1, 1, 1, 1, 1, 1, 1, 1, 1, 1, 1, 1, 1, 1, 1, 1, 1, 1, 1, 1, 1, 1, 1, 1, 1, 1, 1, 1, 1, 1, 1, 1, 1]",on-to-on,-0.0019998733175802
5e6473fbc15dbe1f71eea95b,0.0,0,48.0,,"[[0.627199268978755, 0.3728007310212449], [0.4034873141923241, 0.5965126858076759]]","[[0.08423148216699934, 0.9157685178330007], [0.08243649148772818, 0.9175635085122719]]","[0.4903800954596172, 0.5096199045403828]","{1: 'explore', 0: 'exploit'}","[1, 1, 1, 1, 1, 1, 1, 1, 1, 1, 1, 1, 1, 1, 1, 1, 1, 1, 1, 1, 1, 1, 1, 1, 1, 1, 1, 1, 1, 1, 1, 1, 1, 1, 1, 1, 1, 1, 1, 1, 1, 1, 1, 1, 1, 1, 1, 1]","[0, 0, 1, 0, 0, 0, 1, 0, 0, 0, -1, 0, 0, 1, 1, 0, 1, 0, 0, 1, 1, 0, 0, 1, 0, -1, 0, 0, 1, 0, 0, 1, -1, 1, 0, -1, 0, 1, 0, 1, 0, 0, 0, 0, 0, 0, 0, 0]","[1, 1, 1, 1, 1, 1, 1, 1, 1, 1, 0, 1, 1, 1, 1, 1, 1, 1, 1, 1, 1, 1, 1, 1, 1, 0, 1, 1, 1, 1, 1, 1, 0, 1, 1, 0, 1, 1, 1, 1, 1, 1, 1, 1, 1, 1, 1, 1]",off-to-off,-13.768071903850426
5ee7fbc114d0a60f9b076fb6,1.0,0,,48.0,"[[0.5699302503809408, 0.43006974961905925], [0.37364483750833954, 0.6263551624916605]]","[[4.4757809804766e-05, 0.9999552421901952], [3.896883701493914e-05, 0.999961031162985]]","[0.48530649821843497, 0.5146935017815651]","{1: 'explore', 0: 'exploit'}","[0, 0, 0, 0, 0, 0, 0, 0, 0, 0, 0, 0, 0, 0, 0, 0, 0, 0, 0, 0, 0, 0, 0, 0, 0, 0, 0, 0, 0, 0, 0, 0, 0, 0, 0, 0, 0, 0, 0, 0, 0, 0, 0, 0, 0, 0, 0, 0]","[0, 1, 0, 0, 0, 1, 1, 1, 0, 1, 0, 1, 0, 1, 1, 0, 0, 1, 1, 0, 0, 0, 0, 0, 0, 0, 1, 0, 0, 0, 1, 1, 0, 1, 1, 1, 1, 0, 1, 1, 1, 0, 1, 1, 0, 0, 1, 1]","[1, 1, 1, 1, 1, 1, 1, 1, 1, 1, 1, 1, 1, 1, 1, 1, 1, 1, 1, 1, 1, 1, 1, 1, 1, 1, 1, 1, 1, 1, 1, 1, 1, 1, 1, 1, 1, 1, 1, 1, 1, 1, 1, 1, 1, 1, 1, 1]",on-to-on,-0.0019998741129413
602e48dbf732e9962e27fdbd,0.0,0,48.0,,"[[0.5996337996496959, 0.4003662003503042], [0.40684865969903733, 0.5931513403009627]]","[[0.021595052029593935, 0.978404947970406], [0.02014275893330498, 0.9798572410666949]]","[0.46454994929104093, 0.5354500507089591]","{1: 'explore', 0: 'exploit'}","[1, 1, 1, 1, 1, 1, 1, 1, 1, 1, 1, 1, 1, 1, 1, 1, 1, 1, 1, 1, 1, 1, 1, 1, 1, 1, 1, 1, 1, 1, 1, 1, 1, 1, 1, 1, 1, 1, 1, 1, 1, 1, 1, 1, 1, 1, 1, 1]","[1, 1, 1, 0, 1, 1, 1, 1, 0, 1, 0, 1, 1, 0, 1, 1, 1, 0, 1, 1, 0, 1, 0, -1, 1, 1, 1, 1, 0, 0, 0, 0, 0, 0, 1, 0, 1, 0, 1, 0, 1, 1, 0, 1, 0, 0, 0, 0]","[1, 1, 1, 1, 1, 1, 1, 1, 1, 1, 1, 1, 1, 1, 1, 1, 1, 1, 1, 1, 1, 1, 1, 0, 1, 1, 1, 1, 1, 1, 1, 1, 1, 1, 1, 1, 1, 1, 1, 1, 1, 1, 1, 1, 1, 1, 1, 1]",off-to-off,-4.8606506951944874
616033a44ba802b7e18daaa9,0.5,43,1.0909090909090908,1.0909090909090908,"[[0.40278216125422617, 0.5972178387457737], [0.726868614594782, 0.273131385405218]]","[[0.45046409801689363, 0.5495359019831064], [0.014935566881098598, 0.9850644331189015]]","[1.3915186451267067e-11, 0.9999999999860849]","{1: 'explore', 0: 'exploit'}","[0, 1, 0, 1, 0, 1, 1, 0, 0, 1, 0, 1, 0, 1, 0, 1, 0, 1, 1, 0, 1, 0, 1, 0, 1, 0, 1, 0, 1, 0, 1, 0, 1, 0, 0, 1, 0, 1, 0, 1, 0, 1, 0, 1, 0, 1, 0, 1]","[1, 1, 1, 1, 1, -1, -1, 1, 1, -1, 0, 1, 0, -1, 1, 0, 1, -1, -1, 1, 0, 1, -1, 1, -1, 1, 1, 1, -1, 1, -1, 1, -1, 1, 0, 0, 1, -1, 0, 1, 1, 0, 1, 1, 1, 0, 1, 1]","[1, 1, 1, 1, 1, 0, 0, 1, 1, 0, 1, 1, 1, 0, 1, 1, 1, 0, 0, 1, 1, 1, 0, 1, 0, 1, 1, 1, 0, 1, 0, 1, 0, 1, 1, 1, 1, 0, 1, 1, 1, 1, 1, 1, 1, 1, 1, 1]",on-off-cycling,-26.4208118446601
650f65aac58fe4dc08bbe23f,0.0,0,48.0,,"[[0.6019181945240787, 0.3980818054759213], [0.370692527338131, 0.629307472661869]]","[[0.0808484714936401, 0.91915152850636], [0.08572694084520562, 0.9142730591547944]]","[0.5321261904319136, 0.4678738095680865]","{1: 'explore', 0: 'exploit'}","[1, 1, 1, 1, 1, 1, 1, 1, 1, 1, 1, 1, 1, 1, 1, 1, 1, 1, 1, 1, 1, 1, 1, 1, 1, 1, 1, 1, 1, 1, 1, 1, 1, 1, 1, 1, 1, 1, 1, 1, 1, 1, 1, 1, 1, 1, 1, 1]","[0, 1, 1, 1, 1, 0, 0, 1, 0, 1, 0, 0, 1, 0, 0, 0, 1, 0, 0, 0, 1, -1, 1, 1, 1, 1, 0, 0, 1, 0, -1, 1, 0, -1, 1, 1, 0, 0, 1, 0, 0, -1, 1, 0, 0, 0, 1, 0]","[1, 1, 1, 1, 1, 1, 1, 1, 1, 1, 1, 1, 1, 1, 1, 1, 1, 1, 1, 1, 1, 0, 1, 1, 1, 1, 1, 1, 1, 1, 0, 1, 1, 0, 1, 1, 1, 1, 1, 1, 1, 0, 1, 1, 1, 1, 1, 1]",off-to-off,-13.767892316796736
654fd3d72b14d852c7fff2b4,0.0,0,48.0,,"[[0.5707136058224371, 0.42928639417756276], [0.4018385120508016, 0.5981614879491983]]","[[0.061223709256916926, 0.938776290743083], [0.0637703184263626, 0.9362296815736374]]","[0.5244440371496937, 0.47555596285030644]","{1: 'explore', 0: 'exploit'}","[1, 1, 1, 1, 1, 1, 1, 1, 1, 1, 1, 1, 1, 1, 1, 1, 1, 1, 1, 1, 1, 1, 1, 1, 1, 1, 1, 1, 1, 1, 1, 1, 1, 1, 1, 1, 1, 1, 1, 1, 1, 1, 1, 1, 1, 1, 1, 1]","[1, 1, 1, 1, 1, 1, 1, 1, 0, 1, 1, 1, 1, 1, 1, 0, 1, 1, 1, 0, 1, 1, -1, 1, 1, 1, 1, 1, 1, 1, 1, 0, 1, -1, 1, 1, 1, 1, 1, 1, 1, 1, 1, -1, 1, 1, 1, 1]","[1, 1, 1, 1, 1, 1, 1, 1, 1, 1, 1, 1, 1, 1, 1, 1, 1, 1, 1, 1, 1, 1, 0, 1, 1, 1, 1, 1, 1, 1, 1, 1, 1, 0, 1, 1, 1, 1, 1, 1, 1, 1, 1, 0, 1, 1, 1, 1]",off-to-off,-11.221894182815197
656bb5b282d8f0267db9d167,1.0,0,,48.0,"[[0.5907987594801482, 0.4092012405198519], [0.40408106481214556, 0.5959189351878544]]","[[0.043497367023852554, 0.9565026329761475], [0.03994053108974301, 0.960059468910257]]","[0.4648524348854013, 0.5351475651145986]","{1: 'explore', 0: 'exploit'}","[0, 0, 0, 0, 0, 0, 0, 0, 0, 0, 0, 0, 0, 0, 0, 0, 0, 0, 0, 0, 0, 0, 0, 0, 0, 0, 0, 0, 0, 0, 0, 0, 0, 0, 0, 0, 0, 0, 0, 0, 0, 0, 0, 0, 0, 0, 0, 0]","[0, 0, 1, 0, 0, 0, 1, 0, -1, 1, 1, 0, 0, 0, 1, 0, 0, 0, 0, 0, 1, 1, 0, 0, 0, 1, 1, 1, 1, 0, 0, 0, 0, 1, 0, 1, 0, -1, 1, 0, 1, 0, 0, 0, 1, 1, 1, 0]","[1, 1, 1, 1, 1, 1, 1, 1, 0, 1, 1, 1, 1, 1, 1, 1, 1, 1, 1, 1, 1, 1, 1, 1, 1, 1, 1, 1, 1, 1, 1, 1, 1, 1, 1, 1, 1, 0, 1, 1, 1, 1, 1, 1, 1, 1, 1, 1]",on-to-on,-8.313750034064054
65794b62e4bbf95a4f2c9f03,0.5625,39,1.05,1.35,"[[0.3675038056514688, 0.6324961943485311], [0.6762944894402342, 0.3237055105597658]]","[[0.47928294681660427, 0.5207170531833957], [0.010754582552516424, 0.9892454174474836]]","[3.6333015196908626e-10, 0.9999999996366697]","{1: 'explore', 0: 'exploit'}","[0, 1, 0, 1, 0, 1, 0, 1, 0, 0, 1, 0, 0, 1, 0, 0, 1, 0, 0, 1, 0, 1, 0, 0, 1, 0, 1, 0, 1, 0, 1, 0, 1, 0, 1, 0, 0, 1, 0, 1, 0, 1, 0, 0, 1, 0, 1, 1]","[1, 0, 0, 0, 1, 0, 1, -1, 1, 1, -1, 0, 1, -1, 1, 1, -1, 0, 1, 1, 0, -1, 0, 0, 1, 1, 0, 0, 0, 0, -1, 1, 1, 0, -1, 0, 0, 1, 0, -1, 0, -1, 0, 1, -1, 1, -1, -1]","[1, 1, 1, 1, 1, 1, 1, 0, 1, 1, 0, 1, 1, 0, 1, 1, 0, 1, 1, 1, 1, 0, 1, 1, 1, 1, 1, 1, 1, 1, 0, 1, 1, 1, 0, 1, 1, 1, 1, 0, 1, 0, 1, 1, 0, 1, 0, 0]",on-off-cycling,-26.262743427942222
65ccca52871269168cc029b5,1.0,0,,48.0,"[[0.6579230003860557, 0.34207699961394433], [0.41613699325243014, 0.5838630067475699]]","[[3.805927851538636e-05, 0.9999619407214846], [4.602102623519509e-05, 0.9999539789737647]]","[0.4946685917038878, 0.5053314082961122]","{1: 'explore', 0: 'exploit'}","[0, 0, 0, 0, 0, 0, 0, 0, 0, 0, 0, 0, 0, 0, 0, 0, 0, 0, 0, 0, 0, 0, 0, 0, 0, 0, 0, 0, 0, 0, 0, 0, 0, 0, 0, 0, 0, 0, 0, 0, 0, 0, 0, 0, 0, 0, 0, 0]","[0, 1, 1, 1, 1, 0, 0, 1, 0, 0, 0, 1, 0, 1, 1, 0, 1, 0, 1, 1, 1, 0, 1, 0, 1, 1, 0, 0, 0, 0, 1, 1, 0, 1, 0, 0, 1, 1, 1, 1, 1, 1, 1, 0, 1, 1, 1, 0]","[1, 1, 1, 1, 1, 1, 1, 1, 1, 1, 1, 1, 1, 1, 1, 1, 1, 1, 1, 1, 1, 1, 1, 1, 1, 1, 1, 1, 1, 1, 1, 1, 1, 1, 1, 1, 1, 1, 1, 1, 1, 1, 1, 1, 1, 1, 1, 1]",on-to-on,-0.0019998732683371
65f2f5ae1f9747ed36bd7226,1.0,0,,48.0,"[[0.5710140163811182, 0.42898598361888185], [0.365011213397288, 0.6349887866027121]]","[[4.522680649928807e-05, 0.9999547731935007], [3.86201494756553e-05, 0.9999613798505242]]","[0.4934852209020328, 0.5065147790979672]","{1: 'explore', 0: 'exploit'}","[0, 0, 0, 0, 0, 0, 0, 0, 0, 0, 0, 0, 0, 0, 0, 0, 0, 0, 0, 0, 0, 0, 0, 0, 0, 0, 0, 0, 0, 0, 0, 0, 0, 0, 0, 0, 0, 0, 0, 0, 0, 0, 0, 0, 0, 0, 0, 0]","[1, 0, 0, 1, 1, 0, 0, 0, 1, 0, 1, 0, 1, 1, 1, 0, 1, 1, 1, 1, 0, 1, 0, 1, 0, 1, 1, 0, 1, 1, 1, 0, 1, 0, 1, 0, 1, 0, 1, 0, 1, 0, 1, 0, 1, 0, 1, 1]","[1, 1, 1, 1, 1, 1, 1, 1, 1, 1, 1, 1, 1, 1, 1, 1, 1, 1, 1, 1, 1, 1, 1, 1, 1, 1, 1, 1, 1, 1, 1, 1, 1, 1, 1, 1, 1, 1, 1, 1, 1, 1, 1, 1, 1, 1, 1, 1]",on-to-on,-0.001999873836302
65fd4ff0fac6ac4525f54b88,1.0,0,,48.0,"[[0.5901267827673234, 0.4098732172326766], [0.41076319194276284, 0.5892368080572371]]","[[0.06038977668805336, 0.9396102233119467], [0.06469568298110975, 0.9353043170188903]]","[0.536840063614695, 0.4631599363853049]","{1: 'explore', 0: 'exploit'}","[0, 0, 0, 0, 0, 0, 0, 0, 0, 0, 0, 0, 0, 0, 0, 0, 0, 0, 0, 0, 0, 0, 0, 0, 0, 0, 0, 0, 0, 0, 0, 0, 0, 0, 0, 0, 0, 0, 0, 0, 0, 0, 0, 0, 0, 0, 0, 0]","[0, 0, 1, 1, 1, 0, 0, -1, 1, 0, 0, 1, 1, 1, 1, 0, 1, 1, 0, 1, 1, 0, 1, 1, -1, 1, 0, 0, 0, 0, 0, 0, 1, 0, 1, 0, 1, 1, 0, 0, 1, -1, 0, 0, 1, 1, 0, 1]","[1, 1, 1, 1, 1, 1, 1, 0, 1, 1, 1, 1, 1, 1, 1, 1, 1, 1, 1, 1, 1, 1, 1, 1, 0, 1, 1, 1, 1, 1, 1, 1, 1, 1, 1, 1, 1, 1, 1, 1, 1, 0, 1, 1, 1, 1, 1, 1]",on-to-on,-11.2218634674449
65ff850ad8ac7b0e4cf9ec57,0.020833333333333332,1,47.0,1.0,"[[0.5433068012202554, 0.4566931987797445], [0.3559202311335623, 0.6440797688664377]]","[[0.0372879291877143, 0.9627120708122856], [0.15943441524792126, 0.8405655847520787]]","[0.9999134360729631, 8.656392703687304e-05]","{1: 'explore', 0: 'exploit'}","[0, 1, 1, 1, 1, 1, 1, 1, 1, 1, 1, 1, 1, 1, 1, 1, 1, 1, 1, 1, 1, 1, 1, 1, 1, 1, 1, 1, 1, 1, 1, 1, 1, 1, 1, 1, 1, 1, 1, 1, 1, 1, 1, 1, 1, 1, 1, 1]","[0, 0, 0, 1, 0, 0, 0, 0, 0, 1, 0, 0, 1, 0, 1, 0, 0, 0, 0, 0, 0, 1, 0, 0, 0, 1, 0, -1, 1, 1, 0, 0, 1, -1, 1, -1, 1, 1, 1, -1, 0, 1, -1, 0, 0, 0, 0, 0]","[1, 1, 1, 1, 1, 1, 1, 1, 1, 1, 1, 1, 1, 1, 1, 1, 1, 1, 1, 1, 1, 1, 1, 1, 1, 1, 1, 0, 1, 1, 1, 1, 1, 0, 1, 0, 1, 1, 1, 0, 1, 1, 0, 1, 1, 1, 1, 1]",on-to-off,-15.982587342758135
660d675bbdf59327d9deb4ad,0.8958333333333334,9,1.0,8.6,"[[0.9047396216090554, 0.09526037839094453], [1.0, 3.3219841676561036e-55]]","[[0.00011583401655895312, 0.9998841659834411], [0.9988313229130876, 0.0011686770869123102]]","[1.236705639939001e-220, 1.0]","{1: 'explore', 0: 'exploit'}","[1, 0, 0, 0, 0, 1, 0, 0, 0, 0, 0, 0, 0, 1, 0, 0, 0, 0, 1, 0, 0, 0, 0, 0, 0, 0, 0, 0, 0, 1, 0, 0, 0, 0, 0, 0, 0, 0, 0, 0, 0, 0, 0, 0, 0, 0, 0, 0]","[-1, 0, 1, 1, 0, -1, 1, 0, 1, 1, 1, 0, 0, -1, 1, 0, 0, 0, -1, 1, 0, 1, 1, 1, 1, 0, 0, 0, 0, -1, 0, 0, 0, 1, 1, 1, 1, 1, 1, 1, 1, 1, 1, 1, 1, 1, 1, 1]","[0, 1, 1, 1, 1, 0, 1, 1, 1, 1, 1, 1, 1, 0, 1, 1, 1, 1, 0, 1, 1, 1, 1, 1, 1, 1, 1, 1, 1, 0, 1, 1, 1, 1, 1, 1, 1, 1, 1, 1, 1, 1, 1, 1, 1, 1, 1, 1]",on-off-cycling,-13.210966931175692
6613f83d1a9cf059d0af91ec,1.0,0,,48.0,"[[0.5558840697002315, 0.44411593029976837], [0.3565286098812819, 0.6434713901187181]]","[[4.667998146110129e-05, 0.9999533200185389], [3.7620091660158876e-05, 0.9999623799083398]]","[0.48210256249247724, 0.5178974375075227]","{1: 'explore', 0: 'exploit'}","[0, 0, 0, 0, 0, 0, 0, 0, 0, 0, 0, 0, 0, 0, 0, 0, 0, 0, 0, 0, 0, 0, 0, 0, 0, 0, 0, 0, 0, 0, 0, 0, 0, 0, 0, 0, 0, 0, 0, 0, 0, 0, 0, 0, 0, 0, 0, 0]","[1, 1, 1, 1, 0, 1, 1, 0, 1, 1, 1, 1, 1, 1, 1, 0, 1, 1, 1, 1, 1, 1, 1, 1, 1, 1, 1, 1, 1, 1, 1, 1, 1, 1, 1, 1, 1, 0, 1, 1, 1, 1, 0, 1, 1, 1, 1, 1]","[1, 1, 1, 1, 1, 1, 1, 1, 1, 1, 1, 1, 1, 1, 1, 1, 1, 1, 1, 1, 1, 1, 1, 1, 1, 1, 1, 1, 1, 1, 1, 1, 1, 1, 1, 1, 1, 1, 1, 1, 1, 1, 1, 1, 1, 1, 1, 1]",on-to-on,-0.001999872826093
6631997e0554bb6d25062fd4,1.0,0,,48.0,"[[0.6401628974355875, 0.35983710256441254], [0.41599240271415966, 0.5840075972858404]]","[[3.8897145126344173e-05, 0.9999611028548736], [4.48527593396174e-05, 0.9999551472406604]]","[0.5126704425498287, 0.4873295574501713]","{1: 'explore', 0: 'exploit'}","[0, 0, 0, 0, 0, 0, 0, 0, 0, 0, 0, 0, 0, 0, 0, 0, 0, 0, 0, 0, 0, 0, 0, 0, 0, 0, 0, 0, 0, 0, 0, 0, 0, 0, 0, 0, 0, 0, 0, 0, 0, 0, 0, 0, 0, 0, 0, 0]","[0, 0, 1, 1, 1, 1, 1, 0, 0, 1, 1, 1, 1, 1, 1, 0, 1, 1, 1, 1, 0, 1, 0, 1, 0, 1, 1, 1, 1, 1, 1, 0, 1, 1, 1, 1, 1, 1, 1, 1, 1, 0, 1, 1, 1, 1, 1, 1]","[1, 1, 1, 1, 1, 1, 1, 1, 1, 1, 1, 1, 1, 1, 1, 1, 1, 1, 1, 1, 1, 1, 1, 1, 1, 1, 1, 1, 1, 1, 1, 1, 1, 1, 1, 1, 1, 1, 1, 1, 1, 1, 1, 1, 1, 1, 1, 1]",on-to-on,-0.0019998740428046
66723b1f7c3cf6961f0868a3,1.0,0,,48.0,"[[0.5393850311726514, 0.4606149688273488], [0.3523425809066374, 0.6476574190933626]]","[[4.79207100689254e-05, 0.999952079289931], [3.6851149340745564e-05, 0.9999631488506592]]","[0.48397771147431123, 0.5160222885256888]","{1: 'explore', 0: 'exploit'}","[0, 0, 0, 0, 0, 0, 0, 0, 0, 0, 0, 0, 0, 0, 0, 0, 0, 0, 0, 0, 0, 0, 0, 0, 0, 0, 0, 0, 0, 0, 0, 0, 0, 0, 0, 0, 0, 0, 0, 0, 0, 0, 0, 0, 0, 0, 0, 0]","[0, 1, 1, 0, 1, 1, 1, 1, 1, 1, 1, 1, 1, 0, 0, 1, 0, 1, 1, 0, 1, 1, 1, 1, 0, 0, 0, 1, 0, 1, 1, 0, 0, 1, 1, 0, 0, 1, 0, 0, 0, 0, 0, 0, 0, 1, 0, 1]","[1, 1, 1, 1, 1, 1, 1, 1, 1, 1, 1, 1, 1, 1, 1, 1, 1, 1, 1, 1, 1, 1, 1, 1, 1, 1, 1, 1, 1, 1, 1, 1, 1, 1, 1, 1, 1, 1, 1, 1, 1, 1, 1, 1, 1, 1, 1, 1]",on-to-on,-0.0019998717951625
669533c82c03a4d6320159d3,1.0,0,,48.0,"[[0.5692306525133809, 0.4307693474866192], [0.3449486713428621, 0.6550513286571378]]","[[4.672514433096704e-05, 0.999953274855669], [3.759080959292953e-05, 0.999962409190407]]","[0.487321024657782, 0.512678975342218]","{1: 'explore', 0: 'exploit'}","[0, 0, 0, 0, 0, 0, 0, 0, 0, 0, 0, 0, 0, 0, 0, 0, 0, 0, 0, 0, 0, 0, 0, 0, 0, 0, 0, 0, 0, 0, 0, 0, 0, 0, 0, 0, 0, 0, 0, 0, 0, 0, 0, 0, 0, 0, 0, 0]","[1, 1, 1, 1, 1, 1, 1, 1, 1, 1, 1, 1, 1, 1, 1, 1, 1, 1, 1, 1, 1, 1, 0, 1, 0, 1, 1, 1, 1, 1, 1, 1, 0, 0, 1, 1, 0, 1, 1, 1, 1, 1, 1, 0, 1, 1, 1, 1]","[1, 1, 1, 1, 1, 1, 1, 1, 1, 1, 1, 1, 1, 1, 1, 1, 1, 1, 1, 1, 1, 1, 1, 1, 1, 1, 1, 1, 1, 1, 1, 1, 1, 1, 1, 1, 1, 1, 1, 1, 1, 1, 1, 1, 1, 1, 1, 1]",on-to-on,-0.0019998727525433
66cb3e461d3bc3f143a834bb,1.0,0,,48.0,"[[0.6219242846502084, 0.3780757153497917], [0.3901063172086331, 0.6098936827913669]]","[[0.01976829940855793, 0.980231700591442], [0.022017143945186616, 0.9779828560548134]]","[0.5383889792750659, 0.46161102072493415]","{1: 'explore', 0: 'exploit'}","[0, 0, 0, 0, 0, 0, 0, 0, 0, 0, 0, 0, 0, 0, 0, 0, 0, 0, 0, 0, 0, 0, 0, 0, 0, 0, 0, 0, 0, 0, 0, 0, 0, 0, 0, 0, 0, 0, 0, 0, 0, 0, 0, 0, 0, 0, 0, 0]","[0, 0, 1, 1, 1, 1, 1, 1, 0, 1, 1, 0, 0, 0, 1, 1, 0, 0, 1, 0, 0, 1, 0, 1, 0, 1, 0, 1, 1, -1, 0, 1, 0, 1, 0, 0, 0, 1, 0, 0, 0, 0, 0, 0, 1, 0, 1, 1]","[1, 1, 1, 1, 1, 1, 1, 1, 1, 1, 1, 1, 1, 1, 1, 1, 1, 1, 1, 1, 1, 1, 1, 1, 1, 1, 1, 1, 1, 0, 1, 1, 1, 1, 1, 1, 1, 1, 1, 1, 1, 1, 1, 1, 1, 1, 1, 1]",on-to-on,-4.8606445108237
66cc85c87017ef38adbaebc6,1.0,0,,48.0,"[[0.5685204481972161, 0.43147955180278397], [0.3465267240433267, 0.6534732759566734]]","[[4.671322447526574e-05, 0.9999532867755246], [3.7598528094960544e-05, 0.999962401471905]]","[0.46551183605027424, 0.5344881639497258]","{1: 'explore', 0: 'exploit'}","[0, 0, 0, 0, 0, 0, 0, 0, 0, 0, 0, 0, 0, 0, 0, 0, 0, 0, 0, 0, 0, 0, 0, 0, 0, 0, 0, 0, 0, 0, 0, 0, 0, 0, 0, 0, 0, 0, 0, 0, 0, 0, 0, 0, 0, 0, 0, 0]","[1, 1, 1, 0, 0, 1, 1, 1, 1, 1, 1, 1, 1, 0, 1, 0, 0, 1, 1, 1, 1, 1, 1, 1, 0, 1, 1, 0, 1, 1, 1, 1, 0, 0, 0, 1, 1, 1, 1, 0, 1, 1, 1, 1, 1, 1, 0, 1]","[1, 1, 1, 1, 1, 1, 1, 1, 1, 1, 1, 1, 1, 1, 1, 1, 1, 1, 1, 1, 1, 1, 1, 1, 1, 1, 1, 1, 1, 1, 1, 1, 1, 1, 1, 1, 1, 1, 1, 1, 1, 1, 1, 1, 1, 1, 1, 1]",on-to-on,-0.0019998727655949
67911b9be5af0ac0763a28c7,1.0,0,,48.0,"[[0.6359147610187185, 0.3640852389812816], [0.4285844635063565, 0.5714155364936435]]","[[3.857211827667462e-05, 0.9999614278817233], [4.529285479347135e-05, 0.9999547071452065]]","[0.5173736546147231, 0.482626345385277]","{1: 'explore', 0: 'exploit'}","[0, 0, 0, 0, 0, 0, 0, 0, 0, 0, 0, 0, 0, 0, 0, 0, 0, 0, 0, 0, 0, 0, 0, 0, 0, 0, 0, 0, 0, 0, 0, 0, 0, 0, 0, 0, 0, 0, 0, 0, 0, 0, 0, 0, 0, 0, 0, 0]","[1, 1, 0, 1, 1, 1, 1, 1, 1, 0, 1, 1, 1, 1, 1, 1, 1, 1, 1, 1, 1, 1, 1, 1, 1, 1, 1, 1, 1, 1, 1, 1, 1, 1, 1, 1, 1, 1, 1, 1, 1, 1, 1, 1, 1, 1, 1, 1]","[1, 1, 1, 1, 1, 1, 1, 1, 1, 1, 1, 1, 1, 1, 1, 1, 1, 1, 1, 1, 1, 1, 1, 1, 1, 1, 1, 1, 1, 1, 1, 1, 1, 1, 1, 1, 1, 1, 1, 1, 1, 1, 1, 1, 1, 1, 1, 1]",on-to-on,-0.001999873794633
67cc3f4c640c0ff4df30a225,0.8958333333333334,8,1.25,8.6,"[[0.5793292038938999, 0.42067079610610014], [0.32460238868233354, 0.6753976113176664]]","[[0.24473064039921885, 0.7552693596007812], [0.0007537123366193889, 0.9992462876633806]]","[2.6728797485777967e-10, 0.9999999997327119]","{1: 'explore', 0: 'exploit'}","[0, 0, 0, 0, 0, 1, 0, 0, 0, 0, 0, 0, 0, 0, 0, 1, 0, 0, 0, 0, 0, 0, 0, 0, 0, 1, 1, 0, 0, 0, 0, 0, 0, 0, 0, 0, 1, 0, 0, 0, 0, 0, 0, 0, 0, 0, 0, 0]","[1, 1, 1, 0, 1, -1, 1, 1, 1, 1, 1, 0, 1, 1, 1, -1, 0, 1, 1, 1, 1, 0, 1, 1, 1, -1, -1, 1, 1, 1, 1, 1, 1, 1, 1, 1, -1, 0, 1, 1, 1, 0, 0, 1, 1, 0, 1, 0]","[1, 1, 1, 1, 1, 0, 1, 1, 1, 1, 1, 1, 1, 1, 1, 0, 1, 1, 1, 1, 1, 1, 1, 1, 1, 0, 0, 1, 1, 1, 1, 1, 1, 1, 1, 1, 0, 1, 1, 1, 1, 1, 1, 1, 1, 1, 1, 1]",on-off-cycling,-15.812997707754484
67d1d172e049a486152a5ce9,0.8541666666666666,4,3.5,13.666666666666666,"[[0.9248848240312706, 0.07511517596872937], [0.39780883588917904, 0.602191164110821]]","[[0.06267606030333372, 0.9373239396966664], [0.9993590265992097, 0.000640973400790323]]","[1.0, 4.31713157125093e-143]","{1: 'explore', 0: 'exploit'}","[0, 0, 0, 0, 0, 0, 0, 0, 0, 0, 0, 0, 0, 0, 0, 0, 0, 0, 0, 0, 0, 0, 0, 0, 0, 0, 0, 0, 0, 0, 0, 0, 0, 1, 1, 0, 0, 0, 0, 0, 0, 0, 1, 1, 1, 1, 1, 0]","[1, 0, 1, 0, 0, -1, 0, 0, -1, 1, 0, 1, 1, 0, 0, 1, 0, -1, 0, 1, 0, 0, 1, 1, 1, 0, 1, 1, 1, 0, 1, 0, 0, -1, -1, 0, 1, 1, 0, 1, 1, 1, -1, -1, -1, -1, -1, 1]","[1, 1, 1, 1, 1, 0, 1, 1, 0, 1, 1, 1, 1, 1, 1, 1, 1, 0, 1, 1, 1, 1, 1, 1, 1, 1, 1, 1, 1, 1, 1, 1, 1, 0, 0, 1, 1, 1, 1, 1, 1, 1, 0, 0, 0, 0, 0, 1]",on-off-cycling,-21.43619127291878
67eb5332af03cf75862d5e87,1.0,0,,48.0,"[[0.6641407885986514, 0.33585921140134856], [0.42983522772734034, 0.5701647722726596]]","[[3.7153639158916476e-05, 0.999962846360841], [4.741867846772876e-05, 0.9999525813215322]]","[0.5366118698490626, 0.4633881301509374]","{1: 'explore', 0: 'exploit'}","[0, 0, 0, 0, 0, 0, 0, 0, 0, 0, 0, 0, 0, 0, 0, 0, 0, 0, 0, 0, 0, 0, 0, 0, 0, 0, 0, 0, 0, 0, 0, 0, 0, 0, 0, 0, 0, 0, 0, 0, 0, 0, 0, 0, 0, 0, 0, 0]","[0, 1, 0, 0, 1, 0, 1, 0, 1, 0, 0, 0, 0, 1, 1, 0, 0, 0, 0, 0, 0, 1, 1, 1, 0, 1, 0, 1, 1, 1, 1, 0, 0, 0, 1, 1, 1, 1, 0, 1, 1, 0, 0, 1, 1, 0, 1, 0]","[1, 1, 1, 1, 1, 1, 1, 1, 1, 1, 1, 1, 1, 1, 1, 1, 1, 1, 1, 1, 1, 1, 1, 1, 1, 1, 1, 1, 1, 1, 1, 1, 1, 1, 1, 1, 1, 1, 1, 1, 1, 1, 1, 1, 1, 1, 1, 1]",on-to-on,-0.0019998721480379
682b23f345fc428cc9586a06,0.0,0,48.0,,"[[0.5743239259186931, 0.42567607408130687], [0.40682952344532725, 0.5931704765546727]]","[[0.060787087921472374, 0.9392129120785276], [0.06421247201414819, 0.9357875279858519]]","[0.5132294629129706, 0.48677053708702933]","{1: 'explore', 0: 'exploit'}","[1, 1, 1, 1, 1, 1, 1, 1, 1, 1, 1, 1, 1, 1, 1, 1, 1, 1, 1, 1, 1, 1, 1, 1, 1, 1, 1, 1, 1, 1, 1, 1, 1, 1, 1, 1, 1, 1, 1, 1, 1, 1, 1, 1, 1, 1, 1, 1]","[1, 1, 1, 0, 0, 1, 1, 0, 1, 1, 1, 0, 1, 1, 1, 1, 1, 0, 1, 1, 0, 0, 0, -1, 1, 1, 1, 1, 0, 0, 1, 1, 0, 1, 1, 1, -1, 1, 1, 0, 1, 0, 1, 1, 0, -1, 1, 0]","[1, 1, 1, 1, 1, 1, 1, 1, 1, 1, 1, 1, 1, 1, 1, 1, 1, 1, 1, 1, 1, 1, 1, 0, 1, 1, 1, 1, 1, 1, 1, 1, 1, 1, 1, 1, 0, 1, 1, 1, 1, 1, 1, 1, 1, 0, 1, 1]",off-to-off,-11.22193061050478
68e541cbbf146b5c074849ac,0.0,0,48.0,,"[[0.6064749964776609, 0.393525003522339], [0.40153936943690843, 0.5984606305630916]]","[[0.04350548943537942, 0.9564945105646206], [0.039877464471328436, 0.9601225355286716]]","[0.45321959722551136, 0.5467804027744887]","{1: 'explore', 0: 'exploit'}","[1, 1, 1, 1, 1, 1, 1, 1, 1, 1, 1, 1, 1, 1, 1, 1, 1, 1, 1, 1, 1, 1, 1, 1, 1, 1, 1, 1, 1, 1, 1, 1, 1, 1, 1, 1, 1, 1, 1, 1, 1, 1, 1, 1, 1, 1, 1, 1]","[0, 0, 0, 0, 1, 1, 1, 0, 1, 0, 1, 1, 0, 1, 1, 1, 1, 1, 1, 1, 1, 1, 1, 1, 1, 1, 1, 1, 1, 1, 1, 1, 1, 1, 1, 1, -1, 1, 1, 1, -1, 1, 1, 1, 1, 1, 1, 1]","[1, 1, 1, 1, 1, 1, 1, 1, 1, 1, 1, 1, 1, 1, 1, 1, 1, 1, 1, 1, 1, 1, 1, 1, 1, 1, 1, 1, 1, 1, 1, 1, 1, 1, 1, 1, 0, 1, 1, 1, 0, 1, 1, 1, 1, 1, 1, 1]",off-to-off,-8.313657916609747
69124176667ec0990dfb9da1,1.0,0,,48.0,"[[0.6116485951003495, 0.3883514048996505], [0.4044199699224008, 0.5955800300775991]]","[[0.01981545076467003, 0.98018454923533], [0.02197866124100342, 0.9780213387589966]]","[0.5432548335666646, 0.45674516643333546]","{1: 'explore', 0: 'exploit'}","[0, 0, 0, 0, 0, 0, 0, 0, 0, 0, 0, 0, 0, 0, 0, 0, 0, 0, 0, 0, 0, 0, 0, 0, 0, 0, 0, 0, 0, 0, 0, 0, 0, 0, 0, 0, 0, 0, 0, 0, 0, 0, 0, 0, 0, 0, 0, 0]","[0, 0, 1, 0, 0, 0, 0, 1, 0, 1, 1, -1, 1, 1, 0, 0, 0, 1, 1, 0, 1, 1, 1, 0, 1, 0, 1, 1, 1, 1, 1, 1, 1, 1, 1, 1, 1, 0, 1, 1, 1, 1, 1, 1, 1, 1, 1, 1]","[1, 1, 1, 1, 1, 1, 1, 1, 1, 1, 1, 0, 1, 1, 1, 1, 1, 1, 1, 1, 1, 1, 1, 1, 1, 1, 1, 1, 1, 1, 1, 1, 1, 1, 1, 1, 1, 1, 1, 1, 1, 1, 1, 1, 1, 1, 1, 1]",on-to-on,-4.86063980380039
69126cc06844917f79f2ec58,0.8541666666666666,1,7.0,41.0,"[[0.9741759084507666, 0.025824091549233336], [5.174311044570387e-05, 0.9999482568895544]]","[[2.8921851740340993e-05, 0.9999710781482596], [0.32365485774834846, 0.6763451422516517]]","[1.0, 2.3987386298235896e-54]","{1: 'explore', 0: 'exploit'}","[0, 0, 0, 0, 0, 0, 0, 0, 0, 0, 0, 0, 0, 0, 0, 0, 0, 0, 0, 0, 0, 0, 0, 0, 0, 0, 0, 0, 0, 0, 0, 0, 0, 0, 0, 0, 0, 0, 0, 0, 0, 1, 1, 1, 1, 1, 1, 1]","[0, 1, 0, 1, 0, 0, 1, 1, 1, 0, 1, 0, 0, 1, 0, 0, 1, 0, 1, 0, 0, 1, 1, 1, 1, 0, 0, 1, 1, 0, 0, 0, 1, 1, 0, 1, 1, 0, 0, 0, 0, -1, 1, 0, -1, -1, 0, 1]","[1, 1, 1, 1, 1, 1, 1, 1, 1, 1, 1, 1, 1, 1, 1, 1, 1, 1, 1, 1, 1, 1, 1, 1, 1, 1, 1, 1, 1, 1, 1, 1, 1, 1, 1, 1, 1, 1, 1, 1, 1, 0, 1, 1, 0, 0, 1, 1]",on-to-off,-8.467533532744477
6917b43630e666e39c18fa7b,1.0,0,,48.0,"[[0.6470759533270292, 0.3529240466729707], [0.43795676210899276, 0.5620432378910072]]","[[3.7703039267066224e-05, 0.9999622969607329], [4.655289916335096e-05, 0.9999534471008366]]","[0.5068314944768033, 0.49316850552319674]","{1: 'explore', 0: 'exploit'}","[0, 0, 0, 0, 0, 0, 0, 0, 0, 0, 0, 0, 0, 0, 0, 0, 0, 0, 0, 0, 0, 0, 0, 0, 0, 0, 0, 0, 0, 0, 0, 0, 0, 0, 0, 0, 0, 0, 0, 0, 0, 0, 0, 0, 0, 0, 0, 0]","[1, 0, 1, 1, 1, 1, 0, 0, 0, 1, 1, 1, 1, 1, 0, 0, 0, 0, 0, 1, 0, 0, 1, 1, 1, 0, 0, 0, 0, 1, 1, 1, 1, 0, 0, 0, 0, 1, 0, 1, 0, 0, 0, 1, 1, 1, 0, 1]","[1, 1, 1, 1, 1, 1, 1, 1, 1, 1, 1, 1, 1, 1, 1, 1, 1, 1, 1, 1, 1, 1, 1, 1, 1, 1, 1, 1, 1, 1, 1, 1, 1, 1, 1, 1, 1, 1, 1, 1, 1, 1, 1, 1, 1, 1, 1, 1]",on-to-on,-0.0019998729113304
692e41b6e14a945652e39997,1.0,0,,48.0,"[[0.6328465038057757, 0.3671534961942243], [0.41757784991175667, 0.5824221500882434]]","[[3.9135991809944845e-05, 0.99996086400819], [4.453931685501243e-05, 0.9999554606831449]]","[0.5382200369246708, 0.4617799630753292]","{1: 'explore', 0: 'exploit'}","[0, 0, 0, 0, 0, 0, 0, 0, 0, 0, 0, 0, 0, 0, 0, 0, 0, 0, 0, 0, 0, 0, 0, 0, 0, 0, 0, 0, 0, 0, 0, 0, 0, 0, 0, 0, 0, 0, 0, 0, 0, 0, 0, 0, 0, 0, 0, 0]","[0, 1, 1, 1, 1, 0, 1, 1, 1, 1, 1, 1, 1, 1, 1, 1, 1, 1, 1, 1, 1, 0, 1, 1, 1, 1, 1, 1, 1, 1, 1, 1, 1, 1, 1, 1, 1, 1, 1, 1, 1, 0, 1, 1, 1, 0, 1, 1]","[1, 1, 1, 1, 1, 1, 1, 1, 1, 1, 1, 1, 1, 1, 1, 1, 1, 1, 1, 1, 1, 1, 1, 1, 1, 1, 1, 1, 1, 1, 1, 1, 1, 1, 1, 1, 1, 1, 1, 1, 1, 1, 1, 1, 1, 1, 1, 1]",on-to-on,-0.0019998742176937
6932b19c5260dda743fca4af,1.0,0,,48.0,"[[0.6019955497773407, 0.3980044502226593], [0.4003223134841282, 0.5996776865158717]]","[[0.0874528231175674, 0.9125471768824327], [0.07928158059714448, 0.9207184194028555]]","[0.44925140635539995, 0.5507485936446]","{1: 'explore', 0: 'exploit'}","[0, 0, 0, 0, 0, 0, 0, 0, 0, 0, 0, 0, 0, 0, 0, 0, 0, 0, 0, 0, 0, 0, 0, 0, 0, 0, 0, 0, 0, 0, 0, 0, 0, 0, 0, 0, 0, 0, 0, 0, 0, 0, 0, 0, 0, 0, 0, 0]","[1, 1, 1, 0, 1, 1, 1, 1, 1, 1, -1, 1, 0, 1, 1, 1, 1, -1, 1, -1, 1, 1, -1, 0, 1, 1, 1, 1, 1, 1, 1, 1, 1, 1, 1, 1, 1, 1, 1, 0, 1, 1, 1, 1, 1, 1, 1, 1]","[1, 1, 1, 1, 1, 1, 1, 1, 1, 1, 0, 1, 1, 1, 1, 1, 1, 0, 1, 0, 1, 1, 0, 1, 1, 1, 1, 1, 1, 1, 1, 1, 1, 1, 1, 1, 1, 1, 1, 1, 1, 1, 1, 1, 1, 1, 1, 1]",on-to-on,-13.767693292170373
693348df632d7f923e83d2bb,0.9375,4,1.5,15.0,"[[0.9526343794838069, 0.04736562051619306], [0.656662165890671, 0.34333783410932917]]","[[0.00010483783671525168, 0.9998951621632847], [0.9476544988123057, 0.052345501187694314]]","[1.0, 5.951600516715642e-40]","{1: 'explore', 0: 'exploit'}","[0, 0, 0, 0, 0, 0, 0, 0, 0, 0, 0, 0, 0, 0, 0, 0, 0, 1, 1, 0, 0, 0, 0, 0, 0, 0, 1, 0, 0, 0, 0, 0, 0, 0, 0, 0, 0, 0, 0, 0, 0, 0, 0, 0, 0, 0, 0, 0]","[0, 0, 0, 0, 0, 1, 0, 1, 0, 1, 1, 0, 1, 1, 0, 0, 0, -1, -1, 1, 1, 1, 1, 0, 1, 1, -1, 0, 1, 0, 1, 1, 0, 1, 1, 0, 0, 1, 1, 1, 1, 0, 0, 0, 1, 1, 1, 0]","[1, 1, 1, 1, 1, 1, 1, 1, 1, 1, 1, 1, 1, 1, 1, 1, 1, 0, 0, 1, 1, 1, 1, 1, 1, 1, 0, 1, 1, 1, 1, 1, 1, 1, 1, 1, 1, 1, 1, 1, 1, 1, 1, 1, 1, 1, 1, 1]",on-off-cycling,-10.06172225321215
696c3f1675addf129b4bff87,1.0,0,,48.0,"[[0.639026223161803, 0.36097377683819704], [0.4152019339499394, 0.5847980660500606]]","[[3.89405977641437e-05, 0.9999610594022358], [4.479512044029509e-05, 0.9999552048795597]]","[0.5359885135563286, 0.46401148644367135]","{1: 'explore', 0: 'exploit'}","[0, 0, 0, 0, 0, 0, 0, 0, 0, 0, 0, 0, 0, 0, 0, 0, 0, 0, 0, 0, 0, 0, 0, 0, 0, 0, 0, 0, 0, 0, 0, 0, 0, 0, 0, 0, 0, 0, 0, 0, 0, 0, 0, 0, 0, 0, 0, 0]","[1, 1, 0, 0, 0, 1, 0, 0, 0, 0, 0, 1, 0, 1, 1, 1, 0, 1, 0, 1, 1, 1, 0, 1, 1, 0, 1, 0, 1, 1, 1, 1, 1, 0, 0, 1, 1, 1, 0, 1, 0, 0, 0, 0, 0, 0, 1, 1]","[1, 1, 1, 1, 1, 1, 1, 1, 1, 1, 1, 1, 1, 1, 1, 1, 1, 1, 1, 1, 1, 1, 1, 1, 1, 1, 1, 1, 1, 1, 1, 1, 1, 1, 1, 1, 1, 1, 1, 1, 1, 1, 1, 1, 1, 1, 1, 1]",on-to-on,-0.0019998740753533
